{"id": "7415085518607617288", "desc": "This 17-year-old is already a better driver than me \ud83e\udee3 #fypsg #tiktoksg #gokart", "createTime": "1726480800", "scheduleTime": 0, "video": {"id": "", "height": 1024, "width": 576, "duration": 300, "ratio": "540p", "cover": "https://p16-sign-sg.tiktokcdn.com/obj/tos-alisg-p-0037/o8RzEUfX8DAPr4AwA6FoBVmADCMgECK5InfhnE?lk3s=81f88b70&x-expires=1726776000&x-signature=143xP1Pf1%2B6lic8sdImLE9MyJkE%3D&shp=81f88b70&shcp=-", "originCover": "https://p16-sign-sg.tiktokcdn.com/obj/tos-alisg-p-0037/4bf49493a60143129f5253e91f6ebb02_1726459144?lk3s=81f88b70&x-expires=1726776000&x-signature=HHuEtLOPoQ6xa6AeOSyhYw7vwhs%3D&shp=81f88b70&shcp=-", "dynamicCover": "https://p16-sign-sg.tiktokcdn.com/obj/tos-alisg-p-0037/o8RzEUfX8DAPr4AwA6FoBVmADCMgECK5InfhnE?lk3s=81f88b70&x-expires=1726776000&x-signature=143xP1Pf1%2B6lic8sdImLE9MyJkE%3D&shp=81f88b70&shcp=-", "playAddr": "https://v16-webapp-prime.tiktok.com/video/tos/alisg/tos-alisg-pve-0037/o4oCzpjAz1eGneY2QrnrT3egEUDLnrINAIwE0C/?a=1988&bti=ODszNWYuMDE6&ch=0&cr=3&dr=0&lr=all&cd=0%7C0%7C0%7C&cv=1&br=2380&bt=1190&cs=0&ds=6&ft=-Csk_mDUPD12NqkcaT-UxgIFSY6e3wv25BcAp&mime_type=video_mp4&qs=0&rc=M2Q8Ozg8MzdkZzo6Z2c1O0BpM251bnA5cjl0dTMzODgzNEAwMTAwMi8wNmMxMzUxMV4uYSNsNWM0MmRzbGdgLS1kLzFzcw%3D%3D&btag=e000a0000&expire=1726625289&l=20240917200307731E1A0B11A243539776&ply_type=2&policy=2&signature=912f7d0864a1019650e4974f3294ad82&tk=tt_chain_token", "downloadAddr": "https://v16-webapp-prime.tiktok.com/video/tos/alisg/tos-alisg-pve-0037/oQYe3ngI13IUzvTNAeQErrjLJebw4WEoDGwCA0/?a=1988&bti=ODszNWYuMDE6&ch=0&cr=3&dr=0&lr=all&cd=0%7C0%7C0%7C&cv=1&br=2610&bt=1305&cs=0&ds=3&ft=-Csk_mDUPD12NqkcaT-UxgIFSY6e3wv25BcAp&mime_type=video_mp4&qs=0&rc=NDgzPDg1OTQ4NmQ0Ozc1Z0BpM251bnA5cjl0dTMzODgzNEBjMjQyYC4wNmExLmFjNmEwYSNsNWM0MmRzbGdgLS1kLzFzcw%3D%3D&btag=e000a0000&expire=1726625289&l=20240917200307731E1A0B11A243539776&ply_type=2&policy=2&signature=8d3d800c7d2bc5f7826c67fda6b1346e&tk=tt_chain_token", "shareCover": [""], "reflowCover": "", "bitrate": 1218662, "encodedType": "normal", "format": "mp4", "videoQuality": "normal", "encodeUserTag": "", "codecType": "h264", "definition": "540p", "subtitleInfos": [{"UrlExpire": "1726625289", "Size": "8755", "LanguageID": "8", "LanguageCodeName": "por-PT", "Url": "https://v16-webapp.tiktok.com/ca4c585f41ef24dc71de5ed46f056c7b/66ea3609/video/tos/alisg/tos-alisg-pv-0037/71b9e119335842e79d5a5fb9ca8cc06e/?a=1988&bti=ODszNWYuMDE6&ch=0&cr=3&dr=0&lr=all&cd=0%7C0%7C0%7C&cv=1&br=30270&bt=15135&cs=0&ds=4&ft=-ElcomDUPD12NqkcaT-UxgIFSY6e3wv25BcAp&mime_type=video_mp4&qs=13&rc=M251bnA5cjl0dTMzODgzNEBpM251bnA5cjl0dTMzODgzNEBsNWM0MmRzbGdgLS1kLzFzYSNsNWM0MmRzbGdgLS1kLzFzcw%3D%3D&l=20240917200307731E1A0B11A243539776&btag=e00060000", "Format": "webvtt", "Version": "4", "Source": "MT"}, {"UrlExpire": "1726625289", "Size": "9119", "LanguageID": "34", "LanguageCodeName": "ara-SA", "Url": "https://v16-webapp.tiktok.com/52fcfc1c397aa0464dc60cb3e9711b7f/66ea3609/video/tos/alisg/tos-alisg-pv-0037/c423c58a5fc14e67a9ee04393a0a2634/?a=1988&bti=ODszNWYuMDE6&ch=0&cr=3&dr=0&lr=all&cd=0%7C0%7C0%7C&cv=1&br=30270&bt=15135&cs=0&ds=4&ft=-ElcomDUPD12NqkcaT-UxgIFSY6e3wv25BcAp&mime_type=video_mp4&qs=13&rc=M251bnA5cjl0dTMzODgzNEBpM251bnA5cjl0dTMzODgzNEBsNWM0MmRzbGdgLS1kLzFzYSNsNWM0MmRzbGdgLS1kLzFzcw%3D%3D&l=20240917200307731E1A0B11A243539776&btag=e00060000", "Format": "webvtt", "Version": "4", "Source": "MT"}, {"UrlExpire": "1726625289", "Size": "8858", "LanguageID": "23", "LanguageCodeName": "ind-ID", "Url": "https://v16-webapp.tiktok.com/02f104b8c8a3630a2b610a8b818e50e2/66ea3609/video/tos/alisg/tos-alisg-pv-0037/72a03b174db146f2b376d3e162aa664b/?a=1988&bti=ODszNWYuMDE6&ch=0&cr=3&dr=0&lr=all&cd=0%7C0%7C0%7C&cv=1&br=30270&bt=15135&cs=0&ds=4&ft=-ElcomDUPD12NqkcaT-UxgIFSY6e3wv25BcAp&mime_type=video_mp4&qs=13&rc=M251bnA5cjl0dTMzODgzNEBpM251bnA5cjl0dTMzODgzNEBsNWM0MmRzbGdgLS1kLzFzYSNsNWM0MmRzbGdgLS1kLzFzcw%3D%3D&l=20240917200307731E1A0B11A243539776&btag=e00060000", "Format": "webvtt", "Version": "4", "Source": "MT"}, {"UrlExpire": "1726625289", "Size": "6908", "LanguageID": "2", "LanguageCodeName": "eng-US", "Url": "https://v16-webapp.tiktok.com/3f9aff0c4eaedd44a6784e59c16620ea/66ea3609/video/tos/alisg/tos-alisg-pv-0037/e107414a0ed548d6ad8fe1179b338b71/?a=1988&bti=ODszNWYuMDE6&ch=0&cr=3&dr=0&lr=all&cd=0%7C0%7C0%7C&cv=1&br=30270&bt=15135&cs=0&ds=4&ft=-ElcomDUPD12NqkcaT-UxgIFSY6e3wv25BcAp&mime_type=video_mp4&qs=13&rc=M251bnA5cjl0dTMzODgzNEBpM251bnA5cjl0dTMzODgzNEBsNWM0MmRzbGdgLS1kLzFzYSNsNWM0MmRzbGdgLS1kLzFzcw%3D%3D&l=20240917200307731E1A0B11A243539776&btag=e00060000", "Format": "webvtt", "Version": "1:whisper_lid", "Source": "ASR"}, {"UrlExpire": "1726625289", "Size": "6879", "LanguageID": "2", "LanguageCodeName": "eng-US", "Url": "https://v16-webapp.tiktok.com/02f8e0c9cad076476800d2f83f4e3a72/66ea3609/video/tos/alisg/tos-alisg-pv-0037/8ad6110164544e88ac4d2c1f029ff875/?a=1988&bti=ODszNWYuMDE6&ch=0&cr=3&dr=0&lr=all&cd=0%7C0%7C0%7C&cv=1&br=30270&bt=15135&cs=0&ds=4&ft=-ElcomDUPD12NqkcaT-UxgIFSY6e3wv25BcAp&mime_type=video_mp4&qs=13&rc=M251bnA5cjl0dTMzODgzNEBpM251bnA5cjl0dTMzODgzNEBsNWM0MmRzbGdgLS1kLzFzYSNsNWM0MmRzbGdgLS1kLzFzcw%3D%3D&l=20240917200307731E1A0B11A243539776&btag=e00060000", "Format": "webvtt", "Version": "1:big_caption", "Source": "ASR"}, {"UrlExpire": "1726625289", "Size": "13050", "LanguageID": "6", "LanguageCodeName": "rus-RU", "Url": "https://v16-webapp.tiktok.com/6477bc7be86f39fec3801196532b8b0a/66ea3609/video/tos/alisg/tos-alisg-pv-0037/fd75689592aa48108f7aee1cf8446b31/?a=1988&bti=ODszNWYuMDE6&ch=0&cr=3&dr=0&lr=all&cd=0%7C0%7C0%7C&cv=1&br=30270&bt=15135&cs=0&ds=4&ft=-ElcomDUPD12NqkcaT-UxgIFSY6e3wv25BcAp&mime_type=video_mp4&qs=13&rc=M251bnA5cjl0dTMzODgzNEBpM251bnA5cjl0dTMzODgzNEBsNWM0MmRzbGdgLS1kLzFzYSNsNWM0MmRzbGdgLS1kLzFzcw%3D%3D&l=20240917200307731E1A0B11A243539776&btag=e00060000", "Format": "webvtt", "Version": "4", "Source": "MT"}, {"UrlExpire": "1726625289", "Size": "9415", "LanguageID": "20", "LanguageCodeName": "deu-DE", "Url": "https://v16-webapp.tiktok.com/a7e5c7565de8134a6289096eea64d301/66ea3609/video/tos/alisg/tos-alisg-pv-0037/9bfdc9dc0a344766a6454f0916f5d2fd/?a=1988&bti=ODszNWYuMDE6&ch=0&cr=3&dr=0&lr=all&cd=0%7C0%7C0%7C&cv=1&br=30270&bt=15135&cs=0&ds=4&ft=-ElcomDUPD12NqkcaT-UxgIFSY6e3wv25BcAp&mime_type=video_mp4&qs=13&rc=M251bnA5cjl0dTMzODgzNEBpM251bnA5cjl0dTMzODgzNEBsNWM0MmRzbGdgLS1kLzFzYSNsNWM0MmRzbGdgLS1kLzFzcw%3D%3D&l=20240917200307731E1A0B11A243539776&btag=e00060000", "Format": "webvtt", "Version": "4", "Source": "MT"}, {"UrlExpire": "1726625289", "Size": "8803", "LanguageID": "9", "LanguageCodeName": "spa-ES", "Url": "https://v16-webapp.tiktok.com/24f201d59e6d8bbfe9682c4b4e488fdd/66ea3609/video/tos/alisg/tos-alisg-pv-0037/895bf21fa4494783ab3bc3fafb5cfc13/?a=1988&bti=ODszNWYuMDE6&ch=0&cr=3&dr=0&lr=all&cd=0%7C0%7C0%7C&cv=1&br=30270&bt=15135&cs=0&ds=4&ft=-ElcomDUPD12NqkcaT-UxgIFSY6e3wv25BcAp&mime_type=video_mp4&qs=13&rc=M251bnA5cjl0dTMzODgzNEBpM251bnA5cjl0dTMzODgzNEBsNWM0MmRzbGdgLS1kLzFzYSNsNWM0MmRzbGdgLS1kLzFzcw%3D%3D&l=20240917200307731E1A0B11A243539776&btag=e00060000", "Format": "webvtt", "Version": "4", "Source": "MT"}, {"UrlExpire": "1726625289", "Size": "9370", "LanguageID": "4", "LanguageCodeName": "kor-KR", "Url": "https://v16-webapp.tiktok.com/1c8b28ba72d1918923239e0f12bd8266/66ea3609/video/tos/alisg/tos-alisg-pv-0037/93061239564744cb95474769396d7dd2/?a=1988&bti=ODszNWYuMDE6&ch=0&cr=3&dr=0&lr=all&cd=0%7C0%7C0%7C&cv=1&br=30270&bt=15135&cs=0&ds=4&ft=-ElcomDUPD12NqkcaT-UxgIFSY6e3wv25BcAp&mime_type=video_mp4&qs=13&rc=M251bnA5cjl0dTMzODgzNEBpM251bnA5cjl0dTMzODgzNEBsNWM0MmRzbGdgLS1kLzFzYSNsNWM0MmRzbGdgLS1kLzFzcw%3D%3D&l=20240917200307731E1A0B11A243539776&btag=e00060000", "Format": "webvtt", "Version": "4", "Source": "MT"}, {"UrlExpire": "1726625289", "Size": "8667", "LanguageID": "7", "LanguageCodeName": "fra-FR", "Url": "https://v16-webapp.tiktok.com/4631e8d8994f7f8fc38f987c512e96d3/66ea3609/video/tos/alisg/tos-alisg-pv-0037/c7f212b9e4fd4d37bc424cf3fdd19d5d/?a=1988&bti=ODszNWYuMDE6&ch=0&cr=3&dr=0&lr=all&cd=0%7C0%7C0%7C&cv=1&br=30270&bt=15135&cs=0&ds=4&ft=-ElcomDUPD12NqkcaT-UxgIFSY6e3wv25BcAp&mime_type=video_mp4&qs=13&rc=M251bnA5cjl0dTMzODgzNEBpM251bnA5cjl0dTMzODgzNEBsNWM0MmRzbGdgLS1kLzFzYSNsNWM0MmRzbGdgLS1kLzFzcw%3D%3D&l=20240917200307731E1A0B11A243539776&btag=e00060000", "Format": "webvtt", "Version": "4", "Source": "MT"}, {"UrlExpire": "1726625289", "Size": "8052", "LanguageID": "1", "LanguageCodeName": "cmn-Hans-CN", "Url": "https://v16-webapp.tiktok.com/61f4ae07027f6c4d4ee76625df940b19/66ea3609/video/tos/alisg/tos-alisg-pv-0037/5ae0f676f3cf4644bf13d0cdc5e16ad1/?a=1988&bti=ODszNWYuMDE6&ch=0&cr=3&dr=0&lr=all&cd=0%7C0%7C0%7C&cv=1&br=30270&bt=15135&cs=0&ds=4&ft=-ElcomDUPD12NqkcaT-UxgIFSY6e3wv25BcAp&mime_type=video_mp4&qs=13&rc=M251bnA5cjl0dTMzODgzNEBpM251bnA5cjl0dTMzODgzNEBsNWM0MmRzbGdgLS1kLzFzYSNsNWM0MmRzbGdgLS1kLzFzcw%3D%3D&l=20240917200307731E1A0B11A243539776&btag=e00060000", "Format": "webvtt", "Version": "4", "Source": "MT"}, {"UrlExpire": "1726625289", "Size": "10540", "LanguageID": "3", "LanguageCodeName": "jpn-JP", "Url": "https://v16-webapp.tiktok.com/4713e9248e6ff6a0b74b6033a4bd5b4d/66ea3609/video/tos/alisg/tos-alisg-pv-0037/58cec0c5e04e48fc899f7f15b693587b/?a=1988&bti=ODszNWYuMDE6&ch=0&cr=3&dr=0&lr=all&cd=0%7C0%7C0%7C&cv=1&br=30270&bt=15135&cs=0&ds=4&ft=-ElcomDUPD12NqkcaT-UxgIFSY6e3wv25BcAp&mime_type=video_mp4&qs=13&rc=M251bnA5cjl0dTMzODgzNEBpM251bnA5cjl0dTMzODgzNEBsNWM0MmRzbGdgLS1kLzFzYSNsNWM0MmRzbGdgLS1kLzFzcw%3D%3D&l=20240917200307731E1A0B11A243539776&btag=e00060000", "Format": "webvtt", "Version": "4", "Source": "MT"}, {"UrlExpire": "1726625289", "Size": "8771", "LanguageID": "26", "LanguageCodeName": "ita-IT", "Url": "https://v16-webapp.tiktok.com/c26d3044744356dd64a832645ebe8080/66ea3609/video/tos/alisg/tos-alisg-pv-0037/adc6c6800c4a497f968edeab16f00955/?a=1988&bti=ODszNWYuMDE6&ch=0&cr=3&dr=0&lr=all&cd=0%7C0%7C0%7C&cv=1&br=30270&bt=15135&cs=0&ds=4&ft=-ElcomDUPD12NqkcaT-UxgIFSY6e3wv25BcAp&mime_type=video_mp4&qs=13&rc=M251bnA5cjl0dTMzODgzNEBpM251bnA5cjl0dTMzODgzNEBsNWM0MmRzbGdgLS1kLzFzYSNsNWM0MmRzbGdgLS1kLzFzcw%3D%3D&l=20240917200307731E1A0B11A243539776&btag=e00060000", "Format": "webvtt", "Version": "4", "Source": "MT"}, {"UrlExpire": "1726625289", "Size": "9885", "LanguageID": "10", "LanguageCodeName": "vie-VN", "Url": "https://v16-webapp.tiktok.com/5644b221be3272b022be1b31a8cfb865/66ea3609/video/tos/alisg/tos-alisg-pv-0037/abdf53b3a40b465c9cba7c39f1a304e5/?a=1988&bti=ODszNWYuMDE6&ch=0&cr=3&dr=0&lr=all&cd=0%7C0%7C0%7C&cv=1&br=30270&bt=15135&cs=0&ds=4&ft=-ElcomDUPD12NqkcaT-UxgIFSY6e3wv25BcAp&mime_type=video_mp4&qs=13&rc=M251bnA5cjl0dTMzODgzNEBpM251bnA5cjl0dTMzODgzNEBsNWM0MmRzbGdgLS1kLzFzYSNsNWM0MmRzbGdgLS1kLzFzcw%3D%3D&l=20240917200307731E1A0B11A243539776&btag=e00060000", "Format": "webvtt", "Version": "4", "Source": "MT"}], "zoomCover": {"240": "https://p16-sign-sg.tiktokcdn.com/tos-alisg-p-0037/o8RzEUfX8DAPr4AwA6FoBVmADCMgECK5InfhnE~tplv-photomode-zoomcover:240:240.jpeg?lk3s=81f88b70&x-expires=1726776000&x-signature=ISHLHO5rxqGVKXlsUIgFe8ooxKc%3D&shp=81f88b70&shcp=-", "480": "https://p16-sign-sg.tiktokcdn.com/tos-alisg-p-0037/o8RzEUfX8DAPr4AwA6FoBVmADCMgECK5InfhnE~tplv-photomode-zoomcover:480:480.jpeg?lk3s=81f88b70&x-expires=1726776000&x-signature=zNX7GD%2Bchgd1L9dZ2xTngYDvCMk%3D&shp=81f88b70&shcp=-", "720": "https://p16-sign-sg.tiktokcdn.com/tos-alisg-p-0037/o8RzEUfX8DAPr4AwA6FoBVmADCMgECK5InfhnE~tplv-photomode-zoomcover:720:720.jpeg?lk3s=81f88b70&x-expires=1726776000&x-signature=ho15iCHWAnKJcBRcGykT66%2F19Ng%3D&shp=81f88b70&shcp=-", "960": "https://p16-sign-sg.tiktokcdn.com/tos-alisg-p-0037/o8RzEUfX8DAPr4AwA6FoBVmADCMgECK5InfhnE~tplv-photomode-zoomcover:960:960.jpeg?lk3s=81f88b70&x-expires=1726776000&x-signature=Kwjx%2Bpk01WyUCPwpDDTg%2BVMTQjc%3D&shp=81f88b70&shcp=-"}, "volumeInfo": {"Loudness": -15, "Peak": 1}, "bitrateInfo": [{"Bitrate": 1218662, "QualityType": 20, "GearName": "normal_540_0", "PlayAddr": {"DataSize": "45740510", "Width": 576, "Height": 1024, "Uri": "v14025g50000crjqo6vog65m7kfr8ko0", "UrlList": ["https://v16-webapp-prime.tiktok.com/video/tos/alisg/tos-alisg-pve-0037/o4oCzpjAz1eGneY2QrnrT3egEUDLnrINAIwE0C/?a=1988&bti=ODszNWYuMDE6&ch=0&cr=3&dr=0&lr=all&cd=0%7C0%7C0%7C&cv=1&br=2380&bt=1190&cs=0&ds=6&ft=-Csk_mDUPD12NqkcaT-UxgIFSY6e3wv25BcAp&mime_type=video_mp4&qs=0&rc=M2Q8Ozg8MzdkZzo6Z2c1O0BpM251bnA5cjl0dTMzODgzNEAwMTAwMi8wNmMxMzUxMV4uYSNsNWM0MmRzbGdgLS1kLzFzcw%3D%3D&btag=e000a0000&expire=1726625289&l=20240917200307731E1A0B11A243539776&ply_type=2&policy=2&signature=912f7d0864a1019650e4974f3294ad82&tk=tt_chain_token", "https://v19-webapp-prime.tiktok.com/video/tos/alisg/tos-alisg-pve-0037/o4oCzpjAz1eGneY2QrnrT3egEUDLnrINAIwE0C/?a=1988&bti=ODszNWYuMDE6&ch=0&cr=3&dr=0&lr=all&cd=0%7C0%7C0%7C&cv=1&br=2380&bt=1190&cs=0&ds=6&ft=-Csk_mDUPD12NqkcaT-UxgIFSY6e3wv25BcAp&mime_type=video_mp4&qs=0&rc=M2Q8Ozg8MzdkZzo6Z2c1O0BpM251bnA5cjl0dTMzODgzNEAwMTAwMi8wNmMxMzUxMV4uYSNsNWM0MmRzbGdgLS1kLzFzcw%3D%3D&btag=e000a0000&expire=1726625289&l=20240917200307731E1A0B11A243539776&ply_type=2&policy=2&signature=912f7d0864a1019650e4974f3294ad82&tk=tt_chain_token", "https://api16-normal-c-useast1a.tiktokv.com/aweme/v1/play/?video_id=v14025g50000crjqo6vog65m7kfr8ko0&line=0&is_play_url=1&file_id=18a24d4d87674dfa9430295538394a30&item_id=7415085518607617288&signaturev3=dmlkZW9faWQ7ZmlsZV9pZDtpdGVtX2lkLjdjMGU0NWNiODcyMWY2ZjQzZDUxZGJlZGY2OGQwZTMz&shp=9e36835a&shcp=280c9438"], "UrlKey": "v14025g50000crjqo6vog65m7kfr8ko0_h264_540p_1218662", "FileHash": "2f025ffbfd7b43b6c7c37938a100b2bd", "FileCs": "c:0-179218-c564"}, "CodecType": "h264", "MVMAF": "\"\""}, {"Bitrate": 883786, "QualityType": 2, "GearName": "adapt_lowest_1080_1", "PlayAddr": {"DataSize": "33171504", "Width": 1080, "Height": 1920, "Uri": "v14025g50000crjqo6vog65m7kfr8ko0", "UrlList": ["https://v16-webapp-prime.tiktok.com/video/tos/alisg/tos-alisg-pve-0037/oEIfIoCe1ipQ91Er3BzNegLggoLGjrADAoYGoC/?a=1988&bti=ODszNWYuMDE6&ch=0&cr=3&dr=0&lr=all&cd=0%7C0%7C0%7C&cv=1&br=1726&bt=863&cs=2&ds=4&ft=-Csk_mDUPD12NqkcaT-UxgIFSY6e3wv25BcAp&mime_type=video_mp4&qs=15&rc=NmU8N2Y2NTU6Zzo5aGVmOUBpM251bnA5cjl0dTMzODgzNEBjLjIyYTUyNTExMDJeNDFiYSNsNWM0MmRzbGdgLS1kLzFzcw%3D%3D&btag=e000a0000&expire=1726625289&l=20240917200307731E1A0B11A243539776&ply_type=2&policy=2&signature=6417c335e0f1e982d4d89673bac61e22&tk=tt_chain_token", "https://v19-webapp-prime.tiktok.com/video/tos/alisg/tos-alisg-pve-0037/oEIfIoCe1ipQ91Er3BzNegLggoLGjrADAoYGoC/?a=1988&bti=ODszNWYuMDE6&ch=0&cr=3&dr=0&lr=all&cd=0%7C0%7C0%7C&cv=1&br=1726&bt=863&cs=2&ds=4&ft=-Csk_mDUPD12NqkcaT-UxgIFSY6e3wv25BcAp&mime_type=video_mp4&qs=15&rc=NmU8N2Y2NTU6Zzo5aGVmOUBpM251bnA5cjl0dTMzODgzNEBjLjIyYTUyNTExMDJeNDFiYSNsNWM0MmRzbGdgLS1kLzFzcw%3D%3D&btag=e000a0000&expire=1726625289&l=20240917200307731E1A0B11A243539776&ply_type=2&policy=2&signature=6417c335e0f1e982d4d89673bac61e22&tk=tt_chain_token", "https://api16-normal-c-useast1a.tiktokv.com/aweme/v1/play/?video_id=v14025g50000crjqo6vog65m7kfr8ko0&line=0&is_play_url=1&file_id=e64c7bae56374d47825283dc54591bf3&item_id=7415085518607617288&signaturev3=dmlkZW9faWQ7ZmlsZV9pZDtpdGVtX2lkLjFmMTg3YTQ0NGI2MTY3NzQ3NjdlOWU4ZDlkYmU4MjU5&shp=9e36835a&shcp=280c9438"], "UrlKey": "v14025g50000crjqo6vog65m7kfr8ko0_bytevc1_1080p_883786", "FileHash": "a382a111d6240e10f5990b00259235c3", "FileCs": "c:0-183532-f7a5"}, "CodecType": "h265_hvc1", "MVMAF": "\"\""}, {"Bitrate": 546633, "QualityType": 14, "GearName": "adapt_lower_720_1", "PlayAddr": {"DataSize": "20516989", "Width": 720, "Height": 1280, "Uri": "v14025g50000crjqo6vog65m7kfr8ko0", "UrlList": ["https://v16-webapp-prime.tiktok.com/video/tos/alisg/tos-alisg-pve-0037/o0GjkIYQgEFz3LDEUoieTebnW0TwCrAeoNI1AD/?a=1988&bti=ODszNWYuMDE6&ch=0&cr=3&dr=0&lr=all&cd=0%7C0%7C0%7C&cv=1&br=1066&bt=533&cs=2&ds=3&eid=8192&ft=-Csk_mDUPD12NqkcaT-UxgIFSY6e3wv25BcAp&mime_type=video_mp4&qs=14&rc=M2ZpZTxmZ2g1aGk2NGQ8NUBpM251bnA5cjl0dTMzODgzNEA0YjAyLzAxNTQxYmExYjA0YSNsNWM0MmRzbGdgLS1kLzFzcw%3D%3D&btag=e000a0000&expire=1726625289&l=20240917200307731E1A0B11A243539776&ply_type=2&policy=2&signature=1a8f5d8fc94fa390158e4da04d446173&tk=tt_chain_token", "https://v19-webapp-prime.tiktok.com/video/tos/alisg/tos-alisg-pve-0037/o0GjkIYQgEFz3LDEUoieTebnW0TwCrAeoNI1AD/?a=1988&bti=ODszNWYuMDE6&ch=0&cr=3&dr=0&lr=all&cd=0%7C0%7C0%7C&cv=1&br=1066&bt=533&cs=2&ds=3&eid=8192&ft=-Csk_mDUPD12NqkcaT-UxgIFSY6e3wv25BcAp&mime_type=video_mp4&qs=14&rc=M2ZpZTxmZ2g1aGk2NGQ8NUBpM251bnA5cjl0dTMzODgzNEA0YjAyLzAxNTQxYmExYjA0YSNsNWM0MmRzbGdgLS1kLzFzcw%3D%3D&btag=e000a0000&expire=1726625289&l=20240917200307731E1A0B11A243539776&ply_type=2&policy=2&signature=1a8f5d8fc94fa390158e4da04d446173&tk=tt_chain_token", "https://api16-normal-c-useast1a.tiktokv.com/aweme/v1/play/?video_id=v14025g50000crjqo6vog65m7kfr8ko0&line=0&is_play_url=1&file_id=7239ea41d3ef4e728e4d3c295b3fec70&item_id=7415085518607617288&signaturev3=dmlkZW9faWQ7ZmlsZV9pZDtpdGVtX2lkLjIyMjViMzdmYTA4N2ZiODNjZjg2ODExNzcyMGUwMTNj&shp=9e36835a&shcp=280c9438"], "UrlKey": "v14025g50000crjqo6vog65m7kfr8ko0_bytevc1_720p_546633", "FileHash": "d08fb37e4eda64faccd46184d4fe4e98", "FileCs": "c:0-183443-acba"}, "CodecType": "h265_hvc1", "MVMAF": "\"{\\\"v2.0\\\": {\\\"ori\\\": {\\\"v1080\\\": 84.725, \\\"v960\\\": 88.082, \\\"v864\\\": 90.58, \\\"v720\\\": 93.621}, \\\"srv1\\\": {\\\"v1080\\\": 94.626, \\\"v960\\\": 96.797, \\\"v864\\\": 97.328, \\\"v720\\\": 98.88}}}\""}, {"Bitrate": 531221, "QualityType": 25, "GearName": "lowest_540_0", "PlayAddr": {"DataSize": "19938520", "Width": 576, "Height": 1024, "Uri": "v14025g50000crjqo6vog65m7kfr8ko0", "UrlList": ["https://v16-webapp-prime.tiktok.com/video/tos/alisg/tos-alisg-pve-0037/o8fDgTGbLmp3zrnZBrDgACoEeY9QIogeAN1joI/?a=1988&bti=ODszNWYuMDE6&ch=0&cr=3&dr=0&lr=all&cd=0%7C0%7C0%7C&cv=1&br=1036&bt=518&cs=0&ds=6&ft=-Csk_mDUPD12NqkcaT-UxgIFSY6e3wv25BcAp&mime_type=video_mp4&qs=5&rc=NzRnOmUzOWc1aWc6Nzw4N0BpM251bnA5cjl0dTMzODgzNEAtYDU2Ml5eXl8xLzMwMjUvYSNsNWM0MmRzbGdgLS1kLzFzcw%3D%3D&btag=e000a0000&expire=1726625289&l=20240917200307731E1A0B11A243539776&ply_type=2&policy=2&signature=2e367f47427d532372aefe1d82dbf7fe&tk=tt_chain_token", "https://v19-webapp-prime.tiktok.com/video/tos/alisg/tos-alisg-pve-0037/o8fDgTGbLmp3zrnZBrDgACoEeY9QIogeAN1joI/?a=1988&bti=ODszNWYuMDE6&ch=0&cr=3&dr=0&lr=all&cd=0%7C0%7C0%7C&cv=1&br=1036&bt=518&cs=0&ds=6&ft=-Csk_mDUPD12NqkcaT-UxgIFSY6e3wv25BcAp&mime_type=video_mp4&qs=5&rc=NzRnOmUzOWc1aWc6Nzw4N0BpM251bnA5cjl0dTMzODgzNEAtYDU2Ml5eXl8xLzMwMjUvYSNsNWM0MmRzbGdgLS1kLzFzcw%3D%3D&btag=e000a0000&expire=1726625289&l=20240917200307731E1A0B11A243539776&ply_type=2&policy=2&signature=2e367f47427d532372aefe1d82dbf7fe&tk=tt_chain_token", "https://api16-normal-c-useast1a.tiktokv.com/aweme/v1/play/?video_id=v14025g50000crjqo6vog65m7kfr8ko0&line=0&is_play_url=1&file_id=24855934672d4fb2ada6a05b978dc104&item_id=7415085518607617288&signaturev3=dmlkZW9faWQ7ZmlsZV9pZDtpdGVtX2lkLjc5ZDk5YjQ1NTU1NWQ3NTQ0OWFlZjBkZDNmZTNmZTI5&shp=9e36835a&shcp=280c9438"], "UrlKey": "v14025g50000crjqo6vog65m7kfr8ko0_h264_540p_531221", "FileHash": "c80b030638c78be5985de6c1d96e2661", "FileCs": "c:0-179218-c111"}, "CodecType": "h264", "MVMAF": "\"\""}, {"Bitrate": 395442, "QualityType": 28, "GearName": "adapt_540_1", "PlayAddr": {"DataSize": "14842308", "Width": 576, "Height": 1024, "Uri": "v14025g50000crjqo6vog65m7kfr8ko0", "UrlList": ["https://v16-webapp-prime.tiktok.com/video/tos/alisg/tos-alisg-pve-0037/osIaeOrEIDAelE7oQNJAjwe0oCLgUFzG1Uq3MY/?a=1988&bti=ODszNWYuMDE6&ch=0&cr=3&dr=0&lr=all&cd=0%7C0%7C0%7C&cv=1&br=772&bt=386&cs=2&ds=6&eid=8192&ft=-Csk_mDUPD12NqkcaT-UxgIFSY6e3wv25BcAp&mime_type=video_mp4&qs=11&rc=PDk7ZGlkZmc6ZmRmNTY4ZUBpM251bnA5cjl0dTMzODgzNEBeLmMxNjU2XzAxMGJgNmE2YSNsNWM0MmRzbGdgLS1kLzFzcw%3D%3D&btag=e000a0000&expire=1726625289&l=20240917200307731E1A0B11A243539776&ply_type=2&policy=2&signature=cbf07751cebee00f33cd41b575b98db9&tk=tt_chain_token", "https://v19-webapp-prime.tiktok.com/video/tos/alisg/tos-alisg-pve-0037/osIaeOrEIDAelE7oQNJAjwe0oCLgUFzG1Uq3MY/?a=1988&bti=ODszNWYuMDE6&ch=0&cr=3&dr=0&lr=all&cd=0%7C0%7C0%7C&cv=1&br=772&bt=386&cs=2&ds=6&eid=8192&ft=-Csk_mDUPD12NqkcaT-UxgIFSY6e3wv25BcAp&mime_type=video_mp4&qs=11&rc=PDk7ZGlkZmc6ZmRmNTY4ZUBpM251bnA5cjl0dTMzODgzNEBeLmMxNjU2XzAxMGJgNmE2YSNsNWM0MmRzbGdgLS1kLzFzcw%3D%3D&btag=e000a0000&expire=1726625289&l=20240917200307731E1A0B11A243539776&ply_type=2&policy=2&signature=cbf07751cebee00f33cd41b575b98db9&tk=tt_chain_token", "https://api16-normal-c-useast1a.tiktokv.com/aweme/v1/play/?video_id=v14025g50000crjqo6vog65m7kfr8ko0&line=0&is_play_url=1&file_id=9bd593c2ec3a4c37bd9c8a9f4af816a9&item_id=7415085518607617288&signaturev3=dmlkZW9faWQ7ZmlsZV9pZDtpdGVtX2lkLjAwMmUzNDUyYjE5NDRmYjVjZWU5MzZhMzIyMGY3ZGQ2&shp=9e36835a&shcp=280c9438"], "UrlKey": "v14025g50000crjqo6vog65m7kfr8ko0_bytevc1_540p_395442", "FileHash": "102f48c3c68de1144554cf3e8d537f2f", "FileCs": "c:0-183443-76ba"}, "CodecType": "h265_hvc1", "MVMAF": "\"{\\\"v2.0\\\": {\\\"ori\\\": {\\\"v1080\\\": 79.063, \\\"v960\\\": 82.124, \\\"v864\\\": 84.819, \\\"v720\\\": 88.883}, \\\"srv1\\\": {\\\"v1080\\\": 91.462, \\\"v960\\\": 93.728, \\\"v864\\\": 95.118, \\\"v720\\\": 97.341}}}\""}], "VQScore": "69.51"}, "author": {"id": "6688513359094842370", "shortId": "", "uniqueId": "mothershipsg", "nickname": "Mothership", "avatarLarger": "https://p16-sign-sg.tiktokcdn.com/aweme/1080x1080/tos-alisg-avt-0068/5cbe972154c6d3b99a3031461e42ea2e.jpeg?lk3s=a5d48078&nonce=66337&refresh_token=5949bd86abc99ca5e236496f8d3f7e35&x-expires=1726776000&x-signature=Q3RxcruzGWBuOKaN3n3if8WW5Z0%3D&shp=a5d48078&shcp=81f88b70", "avatarMedium": "https://p16-sign-sg.tiktokcdn.com/aweme/720x720/tos-alisg-avt-0068/5cbe972154c6d3b99a3031461e42ea2e.jpeg?lk3s=a5d48078&nonce=70276&refresh_token=a5f921d2a217306cb181c9289e029d83&x-expires=1726776000&x-signature=R5KqHVVFrUdofmHSx2e7o7V7%2BJY%3D&shp=a5d48078&shcp=81f88b70", "avatarThumb": "https://p16-sign-sg.tiktokcdn.com/aweme/100x100/tos-alisg-avt-0068/5cbe972154c6d3b99a3031461e42ea2e.jpeg?lk3s=a5d48078&nonce=97321&refresh_token=f2d098e09130c7063eb63e7dab7314c4&x-expires=1726776000&x-signature=BhxeXXyZOsNp4ue6QcSGfQnErmU%3D&shp=a5d48078&shcp=81f88b70", "signature": "News, current affairs & entertainment\n\ud83c\uddf8\ud83c\uddec-based \n\nDM for queries!", "createTime": 0, "verified": true, "secUid": "MS4wLjABAAAA7rqLHNFCCf7aGpC_wb1zeb3N-PLVvH-fTnnPv689Xy0TF1WYTEpHAQLsI-5Bt7rU", "ftc": false, "relation": 0, "openFavorite": false, "commentSetting": 0, "duetSetting": 0, "stitchSetting": 0, "privateAccount": false, "secret": false, "isADVirtual": false, "roomId": "", "uniqueIdModifyTime": 0, "ttSeller": false, "downloadSetting": 0, "recommendReason": "", "nowInvitationCardUrl": "", "nickNameModifyTime": 0, "isEmbedBanned": false, "canExpPlaylist": false, "suggestAccountBind": false}, "music": {"id": "7415085670680644368", "title": "original sound - Mothership", "playUrl": "https://v16-webapp-prime.tiktok.com/video/tos/alisg/tos-alisg-v-27dcd7/oABInSfaQko9ziEKy49ABHooicMArIgwE2TlIC/?a=1988&bti=ODszNWYuMDE6&ch=0&cr=0&dr=0&er=0&lr=default&cd=0%7C0%7C0%7C0&br=250&bt=125&ft=GNDpcInz7Thkc9ArXq8Zmo&mime_type=audio_mpeg&qs=6&rc=aDk3ZjhkNmk3M2k2NWUzaUBpMzttO3c5cjZ0dTMzODU8NEAzLmM2LzQuNmExNDRgNDE2YSNoYTExMmRzbmdgLS1kMS1zcw%3D%3D&btag=e000a0000&expire=1726607289&l=20240917200307731E1A0B11A243539776&ply_type=3&policy=3&signature=aa3c1ff0b42ffa458dc91d3b28ec9357&tk=0", "coverLarge": "https://p16-sign-sg.tiktokcdn.com/aweme/1080x1080/tos-alisg-avt-0068/5cbe972154c6d3b99a3031461e42ea2e.jpeg?lk3s=a5d48078&nonce=66337&refresh_token=5949bd86abc99ca5e236496f8d3f7e35&x-expires=1726776000&x-signature=Q3RxcruzGWBuOKaN3n3if8WW5Z0%3D&shp=a5d48078&shcp=81f88b70", "coverMedium": "https://p16-sign-sg.tiktokcdn.com/aweme/720x720/tos-alisg-avt-0068/5cbe972154c6d3b99a3031461e42ea2e.jpeg?lk3s=a5d48078&nonce=70276&refresh_token=a5f921d2a217306cb181c9289e029d83&x-expires=1726776000&x-signature=R5KqHVVFrUdofmHSx2e7o7V7%2BJY%3D&shp=a5d48078&shcp=81f88b70", "coverThumb": "https://p16-sign-sg.tiktokcdn.com/aweme/100x100/tos-alisg-avt-0068/5cbe972154c6d3b99a3031461e42ea2e.jpeg?lk3s=a5d48078&nonce=97321&refresh_token=f2d098e09130c7063eb63e7dab7314c4&x-expires=1726776000&x-signature=BhxeXXyZOsNp4ue6QcSGfQnErmU%3D&shp=a5d48078&shcp=81f88b70", "authorName": "Mothership", "original": false, "duration": 300, "scheduleSearchTime": 0, "collected": false, "preciseDuration": {"preciseDuration": 300.33, "preciseShootDuration": 300.33, "preciseAuditionDuration": 300.33, "preciseVideoDuration": 300.33}}, "challenges": [{"id": "1636325266569221", "title": "fypsg", "desc": "", "profileLarger": "", "profileMedium": "", "profileThumb": "", "coverLarger": "", "coverMedium": "", "coverThumb": ""}, {"id": "1594564640931845", "title": "tiktoksg", "desc": "", "profileLarger": "", "profileMedium": "", "profileThumb": "", "coverLarger": "", "coverMedium": "", "coverThumb": ""}, {"id": "57052", "title": "gokart", "desc": "", "profileLarger": "", "profileMedium": "", "profileThumb": "", "coverLarger": "", "coverMedium": "", "coverThumb": ""}], "stats": {"diggCount": 4672, "shareCount": 553, "commentCount": 60, "playCount": 92200, "collectCount": "318"}, "statsV2": {"diggCount": "4672", "shareCount": "553", "commentCount": "60", "playCount": "92200", "collectCount": "318", "repostCount": "0"}, "warnInfo": [], "originalItem": false, "officalItem": false, "textExtra": [{"awemeId": "", "start": 55, "end": 61, "hashtagId": "1636325266569221", "hashtagName": "fypsg", "type": 1, "subType": 0, "isCommerce": false}, {"awemeId": "", "start": 62, "end": 71, "hashtagId": "1594564640931845", "hashtagName": "tiktoksg", "type": 1, "subType": 0, "isCommerce": false}, {"awemeId": "", "start": 72, "end": 79, "hashtagId": "57052", "hashtagName": "gokart", "type": 1, "subType": 0, "isCommerce": false}], "secret": false, "forFriend": false, "digged": false, "itemCommentStatus": 0, "takeDown": 0, "effectStickers": [], "privateItem": false, "stickersOnItem": [], "shareEnabled": true, "comments": [], "duetDisplay": 0, "stitchDisplay": 0, "indexEnabled": true, "diversificationLabels": ["Sports News", "Sport & Outdoor"], "locationCreated": "SG", "suggestedWords": ["how to join a team in kf1 karting", "kf1 karting singapore", "go kart", "Go-Kart Videos", "Go Kart Racing", "reese go kart"], "contents": [{"desc": "This 17-year-old is already a better driver than me \ud83e\udee3 #fypsg #tiktoksg #gokart", "textExtra": [{"awemeId": "", "start": 55, "end": 61, "hashtagId": "1636325266569221", "hashtagName": "fypsg", "type": 1, "subType": 0, "isCommerce": false}, {"awemeId": "", "start": 62, "end": 71, "hashtagId": "1594564640931845", "hashtagName": "tiktoksg", "type": 1, "subType": 0, "isCommerce": false}, {"awemeId": "", "start": 72, "end": 79, "hashtagId": "57052", "hashtagName": "gokart", "type": 1, "subType": 0, "isCommerce": false}]}], "playlistId": "7347565430506752769", "diversificationId": 10060, "collected": false, "videoSuggestWordsList": {"video_suggest_words_struct": [{"words": [{"word": "how to join a team in kf1 karting", "word_id": "8819559555247226101"}], "scene": "feed_bar", "hint_text": "Search \u00b7 "}]}, "channelTags": [], "item_control": {"can_repost": true}, "IsAigc": false, "AIGCDescription": "", "backendSourceEventTracking": ""}