{
  "build": "haa95532_0",
  "build_number": 0,
  "channel": "https://repo.anaconda.com/pkgs/main/win-64",
  "constrains": [],
  "depends": [],
  "extracted_package_dir": "C:\\Users\\q1\\miniconda3\\pkgs\\ca-certificates-2024.9.24-haa95532_0",
  "files": [
    "Library/ssl/cacert.pem",
    "Library/ssl/cert.pem",
    ".nonadmin"
  ],
  "fn": "ca-certificates-2024.9.24-haa95532_0.conda",
  "license": "MPL-2.0",
  "link": {
    "source": "C:\\Users\\q1\\miniconda3\\pkgs\\ca-certificates-2024.9.24-haa95532_0",
    "type": 1
  },
  "md5": "0f84ebf6fe438cbc6997723860ca3de2",
  "name": "ca-certificates",
  "package_tarball_full_path": "C:\\Users\\q1\\miniconda3\\pkgs\\ca-certificates-2024.9.24-haa95532_0.conda",
  "paths_data": {
    "paths": [
      {
        "_path": "Library/ssl/cacert.pem",
        "path_type": "hardlink",
        "sha256": "189d3cf6d103185fba06d76c1af915263c6d42225481a1759e853b33ac857540",
        "sha256_in_prefix": "189d3cf6d103185fba06d76c1af915263c6d42225481a1759e853b33ac857540",
        "size_in_bytes": 234847
      },
      {
        "_path": "Library/ssl/cert.pem",
        "path_type": "hardlink",
        "sha256": "189d3cf6d103185fba06d76c1af915263c6d42225481a1759e853b33ac857540",
        "sha256_in_prefix": "189d3cf6d103185fba06d76c1af915263c6d42225481a1759e853b33ac857540",
        "size_in_bytes": 234847
      }
    ],
    "paths_version": 1
  },
  "requested_spec": "None",
  "sha256": "cc97183432ec9b9819bd266864bd95b7f9d08be9aa70ba8caabb9d4982b7dd9f",
  "size": 133994,
  "subdir": "win-64",
  "timestamp": 1727794875000,
  "url": "https://repo.anaconda.com/pkgs/main/win-64/ca-certificates-2024.9.24-haa95532_0.conda",
  "version": "2024.9.24"
}