{
  "build": "h5da7b33_0",
  "build_number": 0,
  "channel": "https://repo.anaconda.com/pkgs/main/win-64",
  "constrains": [],
  "depends": [
    "vc >=14.2,<15.0a0",
    "vs2015_runtime >=14.29.30133,<15.0a0"
  ],
  "extracted_package_dir": "C:\\Users\\q1\\miniconda3\\pkgs\\expat-2.6.3-h5da7b33_0",
  "files": [
    "Library/bin/expat.dll",
    "Library/bin/libexpat.dll",
    "Library/bin/xmlwf.exe",
    "Library/include/expat.h",
    "Library/include/expat_config.h",
    "Library/include/expat_external.h",
    "Library/lib/cmake/expat-2.6.3/expat-config-version.cmake",
    "Library/lib/cmake/expat-2.6.3/expat-config.cmake",
    "Library/lib/cmake/expat-2.6.3/expat-release.cmake",
    "Library/lib/cmake/expat-2.6.3/expat.cmake",
    "Library/lib/expat.lib",
    "Library/lib/libexpat.lib",
    "Library/share/doc/expat/AUTHORS",
    "Library/share/doc/expat/changelog",
    "Library/share/man/man1/xmlwf.1",
    ".nonadmin"
  ],
  "fn": "expat-2.6.3-h5da7b33_0.conda",
  "license": "MIT",
  "link": {
    "source": "C:\\Users\\q1\\miniconda3\\pkgs\\expat-2.6.3-h5da7b33_0",
    "type": 1
  },
  "md5": "0b0d607bdcafa9afa17671242a6deb29",
  "name": "expat",
  "package_tarball_full_path": "C:\\Users\\q1\\miniconda3\\pkgs\\expat-2.6.3-h5da7b33_0.conda",
  "paths_data": {
    "paths": [
      {
        "_path": "Library/bin/expat.dll",
        "path_type": "hardlink",
        "sha256": "7a84c43a6b16d1a61e2354fe46c93a2395d9a642c8e63e80cfea9fa9cc2b0fa7",
        "sha256_in_prefix": "7a84c43a6b16d1a61e2354fe46c93a2395d9a642c8e63e80cfea9fa9cc2b0fa7",
        "size_in_bytes": 413968
      },
      {
        "_path": "Library/bin/libexpat.dll",
        "path_type": "hardlink",
        "sha256": "e82bc0776358be497e47eedd079f42dbf3c1fb4afabcb51dd2ab05624580f7b1",
        "sha256_in_prefix": "e82bc0776358be497e47eedd079f42dbf3c1fb4afabcb51dd2ab05624580f7b1",
        "size_in_bytes": 413976
      },
      {
        "_path": "Library/bin/xmlwf.exe",
        "path_type": "hardlink",
        "sha256": "399ac5ad876d795c6b92f866c4579564b413e82dec2d03cca3949dacfecb5f30",
        "sha256_in_prefix": "399ac5ad876d795c6b92f866c4579564b413e82dec2d03cca3949dacfecb5f30",
        "size_in_bytes": 236824
      },
      {
        "_path": "Library/include/expat.h",
        "path_type": "hardlink",
        "sha256": "7bd4e53a8015534b5bbb58afe1a131b3989d3d4fca29bca685c44d34bcaa2555",
        "sha256_in_prefix": "7bd4e53a8015534b5bbb58afe1a131b3989d3d4fca29bca685c44d34bcaa2555",
        "size_in_bytes": 44070
      },
      {
        "_path": "Library/include/expat_config.h",
        "path_type": "hardlink",
        "sha256": "9cb1395afa36f06a5ad54c3d2c64468d6283977d64092c562b8dad7532d2febf",
        "sha256_in_prefix": "9cb1395afa36f06a5ad54c3d2c64468d6283977d64092c562b8dad7532d2febf",
        "size_in_bytes": 3493
      },
      {
        "_path": "Library/include/expat_external.h",
        "path_type": "hardlink",
        "sha256": "7ca9ed28dd5e08eac425931894fabd4c876db8f4be26f9b9a33c2e4f70a0d6c3",
        "sha256_in_prefix": "7ca9ed28dd5e08eac425931894fabd4c876db8f4be26f9b9a33c2e4f70a0d6c3",
        "size_in_bytes": 6029
      },
      {
        "_path": "Library/lib/cmake/expat-2.6.3/expat-config-version.cmake",
        "path_type": "hardlink",
        "sha256": "27bd3fec677e4adbc3a3ee85b45917d29f8e90fbfe6c506c070ccb0a70c83a02",
        "sha256_in_prefix": "27bd3fec677e4adbc3a3ee85b45917d29f8e90fbfe6c506c070ccb0a70c83a02",
        "size_in_bytes": 2827
      },
      {
        "_path": "Library/lib/cmake/expat-2.6.3/expat-config.cmake",
        "path_type": "hardlink",
        "sha256": "275dd795ba90ff99bb31fffd6c495c8037124ab1c80a0edef671d5b6ce02ef89",
        "sha256_in_prefix": "275dd795ba90ff99bb31fffd6c495c8037124ab1c80a0edef671d5b6ce02ef89",
        "size_in_bytes": 3736
      },
      {
        "_path": "Library/lib/cmake/expat-2.6.3/expat-release.cmake",
        "path_type": "hardlink",
        "sha256": "da895f346e9e2047ea6e83323d21dd7b1ec607567cc0ba7284b053f6e12de165",
        "sha256_in_prefix": "da895f346e9e2047ea6e83323d21dd7b1ec607567cc0ba7284b053f6e12de165",
        "size_in_bytes": 904
      },
      {
        "_path": "Library/lib/cmake/expat-2.6.3/expat.cmake",
        "path_type": "hardlink",
        "sha256": "fbbf4735654c7a42349b122d8ee9c459a6c4f59ce09bee38666746fd8e538300",
        "sha256_in_prefix": "fbbf4735654c7a42349b122d8ee9c459a6c4f59ce09bee38666746fd8e538300",
        "size_in_bytes": 3984
      },
      {
        "_path": "Library/lib/expat.lib",
        "path_type": "hardlink",
        "sha256": "db15c578f081eda56f29596a77137b99190c1d63002793bd5ba1c7b0e9ce97b9",
        "sha256_in_prefix": "db15c578f081eda56f29596a77137b99190c1d63002793bd5ba1c7b0e9ce97b9",
        "size_in_bytes": 18206
      },
      {
        "_path": "Library/lib/libexpat.lib",
        "path_type": "hardlink",
        "sha256": "db15c578f081eda56f29596a77137b99190c1d63002793bd5ba1c7b0e9ce97b9",
        "sha256_in_prefix": "db15c578f081eda56f29596a77137b99190c1d63002793bd5ba1c7b0e9ce97b9",
        "size_in_bytes": 18206
      },
      {
        "_path": "Library/share/doc/expat/AUTHORS",
        "path_type": "hardlink",
        "sha256": "59f14371c6b75912cfebb46e6247ee5146766e803a0365b124e5d3011e7d0877",
        "sha256_in_prefix": "59f14371c6b75912cfebb46e6247ee5146766e803a0365b124e5d3011e7d0877",
        "size_in_bytes": 142
      },
      {
        "_path": "Library/share/doc/expat/changelog",
        "path_type": "hardlink",
        "sha256": "6d6424fa0ff5d7b147f6b7d9256b1d2fb0671ebca4b250586ed3fddb8d567133",
        "sha256_in_prefix": "6d6424fa0ff5d7b147f6b7d9256b1d2fb0671ebca4b250586ed3fddb8d567133",
        "size_in_bytes": 77698
      },
      {
        "_path": "Library/share/man/man1/xmlwf.1",
        "path_type": "hardlink",
        "sha256": "23e074c685d2a0c9d3e4fbd853244f744067e91e458ba602a29f0675848c70b8",
        "sha256_in_prefix": "23e074c685d2a0c9d3e4fbd853244f744067e91e458ba602a29f0675848c70b8",
        "size_in_bytes": 10947
      }
    ],
    "paths_version": 1
  },
  "requested_spec": "None",
  "sha256": "ad23f3f7a88f884cdb5ce1c926107077c89fa5154a6cde6596b1c41d5a6e3fb0",
  "size": 261845,
  "subdir": "win-64",
  "timestamp": 1725543405000,
  "url": "https://repo.anaconda.com/pkgs/main/win-64/expat-2.6.3-h5da7b33_0.conda",
  "version": "2.6.3"
}