{
  "build": "h98bb1dd_1",
  "build_number": 1,
  "channel": "https://repo.anaconda.com/pkgs/main/win-64",
  "constrains": [],
  "depends": [],
  "extracted_package_dir": "C:\\Users\\q1\\miniconda3\\pkgs\\vs2015_runtime-14.40.33807-h98bb1dd_1",
  "files": [
    "Library/bin/api-ms-win-core-console-l1-1-0.dll",
    "Library/bin/api-ms-win-core-console-l1-2-0.dll",
    "Library/bin/api-ms-win-core-datetime-l1-1-0.dll",
    "Library/bin/api-ms-win-core-debug-l1-1-0.dll",
    "Library/bin/api-ms-win-core-errorhandling-l1-1-0.dll",
    "Library/bin/api-ms-win-core-fibers-l1-1-0.dll",
    "Library/bin/api-ms-win-core-fibers-l1-1-1.dll",
    "Library/bin/api-ms-win-core-file-l1-1-0.dll",
    "Library/bin/api-ms-win-core-file-l1-2-0.dll",
    "Library/bin/api-ms-win-core-file-l2-1-0.dll",
    "Library/bin/api-ms-win-core-handle-l1-1-0.dll",
    "Library/bin/api-ms-win-core-heap-l1-1-0.dll",
    "Library/bin/api-ms-win-core-interlocked-l1-1-0.dll",
    "Library/bin/api-ms-win-core-kernel32-legacy-l1-1-1.dll",
    "Library/bin/api-ms-win-core-libraryloader-l1-1-0.dll",
    "Library/bin/api-ms-win-core-localization-l1-2-0.dll",
    "Library/bin/api-ms-win-core-memory-l1-1-0.dll",
    "Library/bin/api-ms-win-core-namedpipe-l1-1-0.dll",
    "Library/bin/api-ms-win-core-processenvironment-l1-1-0.dll",
    "Library/bin/api-ms-win-core-processthreads-l1-1-0.dll",
    "Library/bin/api-ms-win-core-processthreads-l1-1-1.dll",
    "Library/bin/api-ms-win-core-profile-l1-1-0.dll",
    "Library/bin/api-ms-win-core-rtlsupport-l1-1-0.dll",
    "Library/bin/api-ms-win-core-string-l1-1-0.dll",
    "Library/bin/api-ms-win-core-synch-l1-1-0.dll",
    "Library/bin/api-ms-win-core-synch-l1-2-0.dll",
    "Library/bin/api-ms-win-core-sysinfo-l1-1-0.dll",
    "Library/bin/api-ms-win-core-sysinfo-l1-2-0.dll",
    "Library/bin/api-ms-win-core-timezone-l1-1-0.dll",
    "Library/bin/api-ms-win-core-util-l1-1-0.dll",
    "Library/bin/api-ms-win-crt-conio-l1-1-0.dll",
    "Library/bin/api-ms-win-crt-convert-l1-1-0.dll",
    "Library/bin/api-ms-win-crt-environment-l1-1-0.dll",
    "Library/bin/api-ms-win-crt-filesystem-l1-1-0.dll",
    "Library/bin/api-ms-win-crt-heap-l1-1-0.dll",
    "Library/bin/api-ms-win-crt-locale-l1-1-0.dll",
    "Library/bin/api-ms-win-crt-math-l1-1-0.dll",
    "Library/bin/api-ms-win-crt-multibyte-l1-1-0.dll",
    "Library/bin/api-ms-win-crt-private-l1-1-0.dll",
    "Library/bin/api-ms-win-crt-process-l1-1-0.dll",
    "Library/bin/api-ms-win-crt-runtime-l1-1-0.dll",
    "Library/bin/api-ms-win-crt-stdio-l1-1-0.dll",
    "Library/bin/api-ms-win-crt-string-l1-1-0.dll",
    "Library/bin/api-ms-win-crt-time-l1-1-0.dll",
    "Library/bin/api-ms-win-crt-utility-l1-1-0.dll",
    "Library/bin/concrt140.dll",
    "Library/bin/msvcp140.dll",
    "Library/bin/msvcp140_1.dll",
    "Library/bin/msvcp140_2.dll",
    "Library/bin/msvcp140_atomic_wait.dll",
    "Library/bin/msvcp140_codecvt_ids.dll",
    "Library/bin/ucrtbase.dll",
    "Library/bin/vccorlib140.dll",
    "Library/bin/vcomp140.dll",
    "Library/bin/vcruntime140.dll",
    "Library/bin/vcruntime140_1.dll",
    "Library/bin/vcruntime140_threads.dll",
    "api-ms-win-core-console-l1-1-0.dll",
    "api-ms-win-core-console-l1-2-0.dll",
    "api-ms-win-core-datetime-l1-1-0.dll",
    "api-ms-win-core-debug-l1-1-0.dll",
    "api-ms-win-core-errorhandling-l1-1-0.dll",
    "api-ms-win-core-fibers-l1-1-0.dll",
    "api-ms-win-core-fibers-l1-1-1.dll",
    "api-ms-win-core-file-l1-1-0.dll",
    "api-ms-win-core-file-l1-2-0.dll",
    "api-ms-win-core-file-l2-1-0.dll",
    "api-ms-win-core-handle-l1-1-0.dll",
    "api-ms-win-core-heap-l1-1-0.dll",
    "api-ms-win-core-interlocked-l1-1-0.dll",
    "api-ms-win-core-kernel32-legacy-l1-1-1.dll",
    "api-ms-win-core-libraryloader-l1-1-0.dll",
    "api-ms-win-core-localization-l1-2-0.dll",
    "api-ms-win-core-memory-l1-1-0.dll",
    "api-ms-win-core-namedpipe-l1-1-0.dll",
    "api-ms-win-core-processenvironment-l1-1-0.dll",
    "api-ms-win-core-processthreads-l1-1-0.dll",
    "api-ms-win-core-processthreads-l1-1-1.dll",
    "api-ms-win-core-profile-l1-1-0.dll",
    "api-ms-win-core-rtlsupport-l1-1-0.dll",
    "api-ms-win-core-string-l1-1-0.dll",
    "api-ms-win-core-synch-l1-1-0.dll",
    "api-ms-win-core-synch-l1-2-0.dll",
    "api-ms-win-core-sysinfo-l1-1-0.dll",
    "api-ms-win-core-sysinfo-l1-2-0.dll",
    "api-ms-win-core-timezone-l1-1-0.dll",
    "api-ms-win-core-util-l1-1-0.dll",
    "api-ms-win-crt-conio-l1-1-0.dll",
    "api-ms-win-crt-convert-l1-1-0.dll",
    "api-ms-win-crt-environment-l1-1-0.dll",
    "api-ms-win-crt-filesystem-l1-1-0.dll",
    "api-ms-win-crt-heap-l1-1-0.dll",
    "api-ms-win-crt-locale-l1-1-0.dll",
    "api-ms-win-crt-math-l1-1-0.dll",
    "api-ms-win-crt-multibyte-l1-1-0.dll",
    "api-ms-win-crt-private-l1-1-0.dll",
    "api-ms-win-crt-process-l1-1-0.dll",
    "api-ms-win-crt-runtime-l1-1-0.dll",
    "api-ms-win-crt-stdio-l1-1-0.dll",
    "api-ms-win-crt-string-l1-1-0.dll",
    "api-ms-win-crt-time-l1-1-0.dll",
    "api-ms-win-crt-utility-l1-1-0.dll",
    "concrt140.dll",
    "msvcp140.dll",
    "msvcp140_1.dll",
    "msvcp140_2.dll",
    "msvcp140_atomic_wait.dll",
    "msvcp140_codecvt_ids.dll",
    "ucrtbase.dll",
    "vccorlib140.dll",
    "vcomp140.dll",
    "vcruntime140.dll",
    "vcruntime140_1.dll",
    "vcruntime140_threads.dll",
    ".nonadmin"
  ],
  "fn": "vs2015_runtime-14.40.33807-h98bb1dd_1.conda",
  "license": "",
  "link": {
    "source": "C:\\Users\\q1\\miniconda3\\pkgs\\vs2015_runtime-14.40.33807-h98bb1dd_1",
    "type": 1
  },
  "md5": "eb3566bfee017cb6cf82bd7c41441586",
  "name": "vs2015_runtime",
  "package_tarball_full_path": "C:\\Users\\q1\\miniconda3\\pkgs\\vs2015_runtime-14.40.33807-h98bb1dd_1.conda",
  "paths_data": {
    "paths": [
      {
        "_path": "Library/bin/api-ms-win-core-console-l1-1-0.dll",
        "no_link": true,
        "path_type": "hardlink",
        "sha256": "869ec6bc79d1da594b0db2cfa510472ca781ffd826acbe7716198415ea3a3605",
        "sha256_in_prefix": "869ec6bc79d1da594b0db2cfa510472ca781ffd826acbe7716198415ea3a3605",
        "size_in_bytes": 22056
      },
      {
        "_path": "Library/bin/api-ms-win-core-console-l1-2-0.dll",
        "no_link": true,
        "path_type": "hardlink",
        "sha256": "69a12b4beba7e6cf1a9b7263e2c6a494a60ddbbed0bd8c40920c51179f571d99",
        "sha256_in_prefix": "69a12b4beba7e6cf1a9b7263e2c6a494a60ddbbed0bd8c40920c51179f571d99",
        "size_in_bytes": 21960
      },
      {
        "_path": "Library/bin/api-ms-win-core-datetime-l1-1-0.dll",
        "no_link": true,
        "path_type": "hardlink",
        "sha256": "60675dfc2cb2af87456032d28d454baa4821d6b1921cb03f12a2891def445fd6",
        "sha256_in_prefix": "60675dfc2cb2af87456032d28d454baa4821d6b1921cb03f12a2891def445fd6",
        "size_in_bytes": 22056
      },
      {
        "_path": "Library/bin/api-ms-win-core-debug-l1-1-0.dll",
        "no_link": true,
        "path_type": "hardlink",
        "sha256": "3182765b6cae55cf4c67b9cb5b6f0b037f323585950ff9b6301b59e5e5acf780",
        "sha256_in_prefix": "3182765b6cae55cf4c67b9cb5b6f0b037f323585950ff9b6301b59e5e5acf780",
        "size_in_bytes": 21960
      },
      {
        "_path": "Library/bin/api-ms-win-core-errorhandling-l1-1-0.dll",
        "no_link": true,
        "path_type": "hardlink",
        "sha256": "3746169e2226c52c7b930bbffc8f3e263283d559d3237c4e193cbb07abaced1c",
        "sha256_in_prefix": "3746169e2226c52c7b930bbffc8f3e263283d559d3237c4e193cbb07abaced1c",
        "size_in_bytes": 22056
      },
      {
        "_path": "Library/bin/api-ms-win-core-fibers-l1-1-0.dll",
        "no_link": true,
        "path_type": "hardlink",
        "sha256": "7ad9720c4999b88c8b8db1dcb1ee765f374900b489b2f09bb40e4951b68b0aab",
        "sha256_in_prefix": "7ad9720c4999b88c8b8db1dcb1ee765f374900b489b2f09bb40e4951b68b0aab",
        "size_in_bytes": 22056
      },
      {
        "_path": "Library/bin/api-ms-win-core-fibers-l1-1-1.dll",
        "no_link": true,
        "path_type": "hardlink",
        "sha256": "6599741ffe12d3e90ef2b456b64cee90425ff995bc0d1c3cd9c754ddba6697ae",
        "sha256_in_prefix": "6599741ffe12d3e90ef2b456b64cee90425ff995bc0d1c3cd9c754ddba6697ae",
        "size_in_bytes": 21960
      },
      {
        "_path": "Library/bin/api-ms-win-core-file-l1-1-0.dll",
        "no_link": true,
        "path_type": "hardlink",
        "sha256": "3a7bdd492a945a962eb18f486ae7bcddc2bbd5b43a12eb461057a6cdc5657f5f",
        "sha256_in_prefix": "3a7bdd492a945a962eb18f486ae7bcddc2bbd5b43a12eb461057a6cdc5657f5f",
        "size_in_bytes": 26056
      },
      {
        "_path": "Library/bin/api-ms-win-core-file-l1-2-0.dll",
        "no_link": true,
        "path_type": "hardlink",
        "sha256": "1b384401b534ca9a61dce7f51c8d54b9eabb625f86569bf09e449be5724c6ca0",
        "sha256_in_prefix": "1b384401b534ca9a61dce7f51c8d54b9eabb625f86569bf09e449be5724c6ca0",
        "size_in_bytes": 22072
      },
      {
        "_path": "Library/bin/api-ms-win-core-file-l2-1-0.dll",
        "no_link": true,
        "path_type": "hardlink",
        "sha256": "1d2f1efefd0a802190f0257aac7e1589d08ffbaea550c561c69c1827e57b55e7",
        "sha256_in_prefix": "1d2f1efefd0a802190f0257aac7e1589d08ffbaea550c561c69c1827e57b55e7",
        "size_in_bytes": 22056
      },
      {
        "_path": "Library/bin/api-ms-win-core-handle-l1-1-0.dll",
        "no_link": true,
        "path_type": "hardlink",
        "sha256": "819976a22a6648536ba0c184d80d093d867d513849baa8f7011fade104a7f8c0",
        "sha256_in_prefix": "819976a22a6648536ba0c184d80d093d867d513849baa8f7011fade104a7f8c0",
        "size_in_bytes": 22072
      },
      {
        "_path": "Library/bin/api-ms-win-core-heap-l1-1-0.dll",
        "no_link": true,
        "path_type": "hardlink",
        "sha256": "83ca55315263d7a42d16cf032e67b79359052321c43c5df97d687c2f4d84a79c",
        "sha256_in_prefix": "83ca55315263d7a42d16cf032e67b79359052321c43c5df97d687c2f4d84a79c",
        "size_in_bytes": 22072
      },
      {
        "_path": "Library/bin/api-ms-win-core-interlocked-l1-1-0.dll",
        "no_link": true,
        "path_type": "hardlink",
        "sha256": "7e32a4463c99e54dd1366658b4284020e1a3384c4c366761116309dae49ee831",
        "sha256_in_prefix": "7e32a4463c99e54dd1366658b4284020e1a3384c4c366761116309dae49ee831",
        "size_in_bytes": 22072
      },
      {
        "_path": "Library/bin/api-ms-win-core-kernel32-legacy-l1-1-1.dll",
        "no_link": true,
        "path_type": "hardlink",
        "sha256": "82bb3c053e3c8f4ed9127d3a4d0d5bea73d13b98a023073ea0f039ca96405c09",
        "sha256_in_prefix": "82bb3c053e3c8f4ed9127d3a4d0d5bea73d13b98a023073ea0f039ca96405c09",
        "size_in_bytes": 21960
      },
      {
        "_path": "Library/bin/api-ms-win-core-libraryloader-l1-1-0.dll",
        "no_link": true,
        "path_type": "hardlink",
        "sha256": "c29c1592af0578c58f2f37e77a044573e8c9fda4daba184c3ac5032b061693a5",
        "sha256_in_prefix": "c29c1592af0578c58f2f37e77a044573e8c9fda4daba184c3ac5032b061693a5",
        "size_in_bytes": 21960
      },
      {
        "_path": "Library/bin/api-ms-win-core-localization-l1-2-0.dll",
        "no_link": true,
        "path_type": "hardlink",
        "sha256": "2fb638be18863ef6077fef2b7f4ebda92527b8e19d2e5b39eba27b3bf96a7fed",
        "sha256_in_prefix": "2fb638be18863ef6077fef2b7f4ebda92527b8e19d2e5b39eba27b3bf96a7fed",
        "size_in_bytes": 22056
      },
      {
        "_path": "Library/bin/api-ms-win-core-memory-l1-1-0.dll",
        "no_link": true,
        "path_type": "hardlink",
        "sha256": "7aacd77d48b5a7595c59ef95c09d65bd9ee6644206b0878a8108398563b09515",
        "sha256_in_prefix": "7aacd77d48b5a7595c59ef95c09d65bd9ee6644206b0878a8108398563b09515",
        "size_in_bytes": 22056
      },
      {
        "_path": "Library/bin/api-ms-win-core-namedpipe-l1-1-0.dll",
        "no_link": true,
        "path_type": "hardlink",
        "sha256": "c184419f20f5ea131239e627dcad237da804a5fd21b446846f5c0d60b06a7b49",
        "sha256_in_prefix": "c184419f20f5ea131239e627dcad237da804a5fd21b446846f5c0d60b06a7b49",
        "size_in_bytes": 22056
      },
      {
        "_path": "Library/bin/api-ms-win-core-processenvironment-l1-1-0.dll",
        "no_link": true,
        "path_type": "hardlink",
        "sha256": "9ab3de163dd167a9423946c308a6f225e22172e8547ccf154e0269d258588df7",
        "sha256_in_prefix": "9ab3de163dd167a9423946c308a6f225e22172e8547ccf154e0269d258588df7",
        "size_in_bytes": 22056
      },
      {
        "_path": "Library/bin/api-ms-win-core-processthreads-l1-1-0.dll",
        "no_link": true,
        "path_type": "hardlink",
        "sha256": "f5b2cd5c8fbe89ac55a09b6939cfacdd0861ff47e1fc3df300412603fa96e00b",
        "sha256_in_prefix": "f5b2cd5c8fbe89ac55a09b6939cfacdd0861ff47e1fc3df300412603fa96e00b",
        "size_in_bytes": 22056
      },
      {
        "_path": "Library/bin/api-ms-win-core-processthreads-l1-1-1.dll",
        "no_link": true,
        "path_type": "hardlink",
        "sha256": "5a3d41a750d1d6714232448193e57ab7d8fd718ba9cec24c7afc71f69886dae3",
        "sha256_in_prefix": "5a3d41a750d1d6714232448193e57ab7d8fd718ba9cec24c7afc71f69886dae3",
        "size_in_bytes": 22072
      },
      {
        "_path": "Library/bin/api-ms-win-core-profile-l1-1-0.dll",
        "no_link": true,
        "path_type": "hardlink",
        "sha256": "23a1324112574ad2f7d903a881592354e8fe915ba3086e830b9dc49cfbf7154c",
        "sha256_in_prefix": "23a1324112574ad2f7d903a881592354e8fe915ba3086e830b9dc49cfbf7154c",
        "size_in_bytes": 21944
      },
      {
        "_path": "Library/bin/api-ms-win-core-rtlsupport-l1-1-0.dll",
        "no_link": true,
        "path_type": "hardlink",
        "sha256": "17423b1dfc0d5c9246a1b4c50bce5af931b186ad66268761b2611e611d9adbb3",
        "sha256_in_prefix": "17423b1dfc0d5c9246a1b4c50bce5af931b186ad66268761b2611e611d9adbb3",
        "size_in_bytes": 21944
      },
      {
        "_path": "Library/bin/api-ms-win-core-string-l1-1-0.dll",
        "no_link": true,
        "path_type": "hardlink",
        "sha256": "ac5a66b65ead96dfbc63afd947601bd276c1c5ede2a7acc0d580b02ef104892a",
        "sha256_in_prefix": "ac5a66b65ead96dfbc63afd947601bd276c1c5ede2a7acc0d580b02ef104892a",
        "size_in_bytes": 22072
      },
      {
        "_path": "Library/bin/api-ms-win-core-synch-l1-1-0.dll",
        "no_link": true,
        "path_type": "hardlink",
        "sha256": "2d577cdae281cd49141a87340d21ee3b372a297ef9ce35e82cf449dd352f380d",
        "sha256_in_prefix": "2d577cdae281cd49141a87340d21ee3b372a297ef9ce35e82cf449dd352f380d",
        "size_in_bytes": 21944
      },
      {
        "_path": "Library/bin/api-ms-win-core-synch-l1-2-0.dll",
        "no_link": true,
        "path_type": "hardlink",
        "sha256": "220a7cee500b92a005b58d45006b1b98545fcd2040dda5d3d750fe2e6de5c62b",
        "sha256_in_prefix": "220a7cee500b92a005b58d45006b1b98545fcd2040dda5d3d750fe2e6de5c62b",
        "size_in_bytes": 22072
      },
      {
        "_path": "Library/bin/api-ms-win-core-sysinfo-l1-1-0.dll",
        "no_link": true,
        "path_type": "hardlink",
        "sha256": "371442d516a47a8949945f85c6bb0fe3c3b88731de07a4ff457c2b041c928cfd",
        "sha256_in_prefix": "371442d516a47a8949945f85c6bb0fe3c3b88731de07a4ff457c2b041c928cfd",
        "size_in_bytes": 21960
      },
      {
        "_path": "Library/bin/api-ms-win-core-sysinfo-l1-2-0.dll",
        "no_link": true,
        "path_type": "hardlink",
        "sha256": "da65cf54767305c74eaf35e39ac8b7ff472c2df5e22a84e4fc465e2448d2fea3",
        "sha256_in_prefix": "da65cf54767305c74eaf35e39ac8b7ff472c2df5e22a84e4fc465e2448d2fea3",
        "size_in_bytes": 21960
      },
      {
        "_path": "Library/bin/api-ms-win-core-timezone-l1-1-0.dll",
        "no_link": true,
        "path_type": "hardlink",
        "sha256": "9dae313de05c31ab6583545323e422dd1bdaec4aa26e81cbea0d5b69b632fd0c",
        "sha256_in_prefix": "9dae313de05c31ab6583545323e422dd1bdaec4aa26e81cbea0d5b69b632fd0c",
        "size_in_bytes": 21944
      },
      {
        "_path": "Library/bin/api-ms-win-core-util-l1-1-0.dll",
        "no_link": true,
        "path_type": "hardlink",
        "sha256": "d627df017ddcf7472c761f9796cb55fc7a2347f05cc897bf6c7c29aee8e4dd0c",
        "sha256_in_prefix": "d627df017ddcf7472c761f9796cb55fc7a2347f05cc897bf6c7c29aee8e4dd0c",
        "size_in_bytes": 22056
      },
      {
        "_path": "Library/bin/api-ms-win-crt-conio-l1-1-0.dll",
        "no_link": true,
        "path_type": "hardlink",
        "sha256": "4324863a74391b29229e5376020de3e1a04f436abbd4604e305307fde4601fa7",
        "sha256_in_prefix": "4324863a74391b29229e5376020de3e1a04f436abbd4604e305307fde4601fa7",
        "size_in_bytes": 22072
      },
      {
        "_path": "Library/bin/api-ms-win-crt-convert-l1-1-0.dll",
        "no_link": true,
        "path_type": "hardlink",
        "sha256": "6f997e4a9837f42295fa25f45cb564f5efa93c99768e2a2e2643008ecffe97b0",
        "sha256_in_prefix": "6f997e4a9837f42295fa25f45cb564f5efa93c99768e2a2e2643008ecffe97b0",
        "size_in_bytes": 26040
      },
      {
        "_path": "Library/bin/api-ms-win-crt-environment-l1-1-0.dll",
        "no_link": true,
        "path_type": "hardlink",
        "sha256": "3c0893659c504d16984d6b87c61c98fa050d60473ff77e294f69fdb7fae155bb",
        "sha256_in_prefix": "3c0893659c504d16984d6b87c61c98fa050d60473ff77e294f69fdb7fae155bb",
        "size_in_bytes": 21944
      },
      {
        "_path": "Library/bin/api-ms-win-crt-filesystem-l1-1-0.dll",
        "no_link": true,
        "path_type": "hardlink",
        "sha256": "924099811552d0e9623d220fd9f9348a14d44ef08694a15d442010193574b1fe",
        "sha256_in_prefix": "924099811552d0e9623d220fd9f9348a14d44ef08694a15d442010193574b1fe",
        "size_in_bytes": 21944
      },
      {
        "_path": "Library/bin/api-ms-win-crt-heap-l1-1-0.dll",
        "no_link": true,
        "path_type": "hardlink",
        "sha256": "2cfc2c7c376630b595e3582ccd2dda019f82ae5dc1665d34d3621e2c62e1a868",
        "sha256_in_prefix": "2cfc2c7c376630b595e3582ccd2dda019f82ae5dc1665d34d3621e2c62e1a868",
        "size_in_bytes": 22056
      },
      {
        "_path": "Library/bin/api-ms-win-crt-locale-l1-1-0.dll",
        "no_link": true,
        "path_type": "hardlink",
        "sha256": "3c2bc1ebdcb4c6fedefc5b82419a1a4b5ba035c3f5453e9d083dccdbfe2d9e95",
        "sha256_in_prefix": "3c2bc1ebdcb4c6fedefc5b82419a1a4b5ba035c3f5453e9d083dccdbfe2d9e95",
        "size_in_bytes": 22072
      },
      {
        "_path": "Library/bin/api-ms-win-crt-math-l1-1-0.dll",
        "no_link": true,
        "path_type": "hardlink",
        "sha256": "930fbbcfd3fbd97bfc2c0174f059ff48f33fa54274e409ed6d629a7230e45aa0",
        "sha256_in_prefix": "930fbbcfd3fbd97bfc2c0174f059ff48f33fa54274e409ed6d629a7230e45aa0",
        "size_in_bytes": 30248
      },
      {
        "_path": "Library/bin/api-ms-win-crt-multibyte-l1-1-0.dll",
        "no_link": true,
        "path_type": "hardlink",
        "sha256": "ebf235dce2322da2bf32ff0ddc0e2b0a159b1360ee0a07e3604f621fca883125",
        "sha256_in_prefix": "ebf235dce2322da2bf32ff0ddc0e2b0a159b1360ee0a07e3604f621fca883125",
        "size_in_bytes": 30264
      },
      {
        "_path": "Library/bin/api-ms-win-crt-private-l1-1-0.dll",
        "no_link": true,
        "path_type": "hardlink",
        "sha256": "0b6c38eae2ba2929b5a25393766cf66028b0d5d2cd51c218528a8df9f62cafee",
        "sha256_in_prefix": "0b6c38eae2ba2929b5a25393766cf66028b0d5d2cd51c218528a8df9f62cafee",
        "size_in_bytes": 75320
      },
      {
        "_path": "Library/bin/api-ms-win-crt-process-l1-1-0.dll",
        "no_link": true,
        "path_type": "hardlink",
        "sha256": "4efdca4ac7819401a586e2abebc3b858ba8ba0b13ad296c6afacd583500f2575",
        "sha256_in_prefix": "4efdca4ac7819401a586e2abebc3b858ba8ba0b13ad296c6afacd583500f2575",
        "size_in_bytes": 21944
      },
      {
        "_path": "Library/bin/api-ms-win-crt-runtime-l1-1-0.dll",
        "no_link": true,
        "path_type": "hardlink",
        "sha256": "5e9837abf4517eb8f74edcf7ea08a3d32916e253d9c24663869dda40cf7b0280",
        "sha256_in_prefix": "5e9837abf4517eb8f74edcf7ea08a3d32916e253d9c24663869dda40cf7b0280",
        "size_in_bytes": 26168
      },
      {
        "_path": "Library/bin/api-ms-win-crt-stdio-l1-1-0.dll",
        "no_link": true,
        "path_type": "hardlink",
        "sha256": "f2a7e41ededd62b2c192fe6381c8cc33f9bd223164ffc8b38623c9220c009ccb",
        "sha256_in_prefix": "f2a7e41ededd62b2c192fe6381c8cc33f9bd223164ffc8b38623c9220c009ccb",
        "size_in_bytes": 26168
      },
      {
        "_path": "Library/bin/api-ms-win-crt-string-l1-1-0.dll",
        "no_link": true,
        "path_type": "hardlink",
        "sha256": "0b337649b564a760abb57e21fb2a755cff080a604034b71c3e8a3cc48c7da71d",
        "sha256_in_prefix": "0b337649b564a760abb57e21fb2a755cff080a604034b71c3e8a3cc48c7da71d",
        "size_in_bytes": 26168
      },
      {
        "_path": "Library/bin/api-ms-win-crt-time-l1-1-0.dll",
        "no_link": true,
        "path_type": "hardlink",
        "sha256": "63a56aa00ca3bec9225e516ccd336003fc4145c1c1439c7d4d9925d8be24c0e7",
        "sha256_in_prefix": "63a56aa00ca3bec9225e516ccd336003fc4145c1c1439c7d4d9925d8be24c0e7",
        "size_in_bytes": 21944
      },
      {
        "_path": "Library/bin/api-ms-win-crt-utility-l1-1-0.dll",
        "no_link": true,
        "path_type": "hardlink",
        "sha256": "dc75e73ff3f294ada7e9646b51b2ed137f5c26364cbbd71f36a8f5029a3111db",
        "sha256_in_prefix": "dc75e73ff3f294ada7e9646b51b2ed137f5c26364cbbd71f36a8f5029a3111db",
        "size_in_bytes": 21944
      },
      {
        "_path": "Library/bin/concrt140.dll",
        "no_link": true,
        "path_type": "hardlink",
        "sha256": "4f500992a53c41a0ba44a11c33c481d8763505a7453be12d85107856ab8fb332",
        "sha256_in_prefix": "4f500992a53c41a0ba44a11c33c481d8763505a7453be12d85107856ab8fb332",
        "size_in_bytes": 322560
      },
      {
        "_path": "Library/bin/msvcp140.dll",
        "no_link": true,
        "path_type": "hardlink",
        "sha256": "a4c2229bdc2a2a630acdc095b4d86008e5c3e3bc7773174354f3da4f5beb9cde",
        "sha256_in_prefix": "a4c2229bdc2a2a630acdc095b4d86008e5c3e3bc7773174354f3da4f5beb9cde",
        "size_in_bytes": 575056
      },
      {
        "_path": "Library/bin/msvcp140_1.dll",
        "no_link": true,
        "path_type": "hardlink",
        "sha256": "91cd05c16c61c39788c47434602a59c17f5b08dbb3eee04ce85f8d5b70e8e604",
        "sha256_in_prefix": "91cd05c16c61c39788c47434602a59c17f5b08dbb3eee04ce85f8d5b70e8e604",
        "size_in_bytes": 35808
      },
      {
        "_path": "Library/bin/msvcp140_2.dll",
        "no_link": true,
        "path_type": "hardlink",
        "sha256": "713f17b253d802d283d306ce75647e37d83a546aeb1a881e5d9e529e856c007e",
        "sha256_in_prefix": "713f17b253d802d283d306ce75647e37d83a546aeb1a881e5d9e529e856c007e",
        "size_in_bytes": 268880
      },
      {
        "_path": "Library/bin/msvcp140_atomic_wait.dll",
        "no_link": true,
        "path_type": "hardlink",
        "sha256": "aede4ec454a82f146eb4a721e616e2086870107d88aabc6b0bd1eea0a505d935",
        "sha256_in_prefix": "aede4ec454a82f146eb4a721e616e2086870107d88aabc6b0bd1eea0a505d935",
        "size_in_bytes": 50664
      },
      {
        "_path": "Library/bin/msvcp140_codecvt_ids.dll",
        "no_link": true,
        "path_type": "hardlink",
        "sha256": "d52d349fbbe6abc61965c07e04cc82d8ee0cea1de7faf90a838964e3f40acedd",
        "sha256_in_prefix": "d52d349fbbe6abc61965c07e04cc82d8ee0cea1de7faf90a838964e3f40acedd",
        "size_in_bytes": 31744
      },
      {
        "_path": "Library/bin/ucrtbase.dll",
        "no_link": true,
        "path_type": "hardlink",
        "sha256": "d404dc9aa843d53d7e276dd078b2cac8d7aa905e2838a1fe8385278e19ba3810",
        "sha256_in_prefix": "d404dc9aa843d53d7e276dd078b2cac8d7aa905e2838a1fe8385278e19ba3810",
        "size_in_bytes": 1357256
      },
      {
        "_path": "Library/bin/vccorlib140.dll",
        "no_link": true,
        "path_type": "hardlink",
        "sha256": "086fab8accce357da499e6024e4290aa89dfc219867c90d90c62f8247591b95b",
        "sha256_in_prefix": "086fab8accce357da499e6024e4290aa89dfc219867c90d90c62f8247591b95b",
        "size_in_bytes": 351824
      },
      {
        "_path": "Library/bin/vcomp140.dll",
        "no_link": true,
        "path_type": "hardlink",
        "sha256": "48b2cffa42a5064ba299eff1733753f4fa042d9d452c49c11d4fad27360f78ae",
        "sha256_in_prefix": "48b2cffa42a5064ba299eff1733753f4fa042d9d452c49c11d4fad27360f78ae",
        "size_in_bytes": 192104
      },
      {
        "_path": "Library/bin/vcruntime140.dll",
        "no_link": true,
        "path_type": "hardlink",
        "sha256": "02c6aa0e6e624411a9f19b0360a7865ab15908e26024510e5c38a9c08362c35a",
        "sha256_in_prefix": "02c6aa0e6e624411a9f19b0360a7865ab15908e26024510e5c38a9c08362c35a",
        "size_in_bytes": 119888
      },
      {
        "_path": "Library/bin/vcruntime140_1.dll",
        "no_link": true,
        "path_type": "hardlink",
        "sha256": "7dd9aa02e271c68ca6d5f18d651d23a15d7259715af43326578f7dde27f37637",
        "sha256_in_prefix": "7dd9aa02e271c68ca6d5f18d651d23a15d7259715af43326578f7dde27f37637",
        "size_in_bytes": 49640
      },
      {
        "_path": "Library/bin/vcruntime140_threads.dll",
        "no_link": true,
        "path_type": "hardlink",
        "sha256": "75f3540ebe0876c1b173821d2669987c088c3f6db985305d160460f476536a89",
        "sha256_in_prefix": "75f3540ebe0876c1b173821d2669987c088c3f6db985305d160460f476536a89",
        "size_in_bytes": 38504
      },
      {
        "_path": "api-ms-win-core-console-l1-1-0.dll",
        "path_type": "hardlink",
        "sha256": "869ec6bc79d1da594b0db2cfa510472ca781ffd826acbe7716198415ea3a3605",
        "sha256_in_prefix": "869ec6bc79d1da594b0db2cfa510472ca781ffd826acbe7716198415ea3a3605",
        "size_in_bytes": 22056
      },
      {
        "_path": "api-ms-win-core-console-l1-2-0.dll",
        "path_type": "hardlink",
        "sha256": "69a12b4beba7e6cf1a9b7263e2c6a494a60ddbbed0bd8c40920c51179f571d99",
        "sha256_in_prefix": "69a12b4beba7e6cf1a9b7263e2c6a494a60ddbbed0bd8c40920c51179f571d99",
        "size_in_bytes": 21960
      },
      {
        "_path": "api-ms-win-core-datetime-l1-1-0.dll",
        "path_type": "hardlink",
        "sha256": "60675dfc2cb2af87456032d28d454baa4821d6b1921cb03f12a2891def445fd6",
        "sha256_in_prefix": "60675dfc2cb2af87456032d28d454baa4821d6b1921cb03f12a2891def445fd6",
        "size_in_bytes": 22056
      },
      {
        "_path": "api-ms-win-core-debug-l1-1-0.dll",
        "path_type": "hardlink",
        "sha256": "3182765b6cae55cf4c67b9cb5b6f0b037f323585950ff9b6301b59e5e5acf780",
        "sha256_in_prefix": "3182765b6cae55cf4c67b9cb5b6f0b037f323585950ff9b6301b59e5e5acf780",
        "size_in_bytes": 21960
      },
      {
        "_path": "api-ms-win-core-errorhandling-l1-1-0.dll",
        "path_type": "hardlink",
        "sha256": "3746169e2226c52c7b930bbffc8f3e263283d559d3237c4e193cbb07abaced1c",
        "sha256_in_prefix": "3746169e2226c52c7b930bbffc8f3e263283d559d3237c4e193cbb07abaced1c",
        "size_in_bytes": 22056
      },
      {
        "_path": "api-ms-win-core-fibers-l1-1-0.dll",
        "path_type": "hardlink",
        "sha256": "7ad9720c4999b88c8b8db1dcb1ee765f374900b489b2f09bb40e4951b68b0aab",
        "sha256_in_prefix": "7ad9720c4999b88c8b8db1dcb1ee765f374900b489b2f09bb40e4951b68b0aab",
        "size_in_bytes": 22056
      },
      {
        "_path": "api-ms-win-core-fibers-l1-1-1.dll",
        "path_type": "hardlink",
        "sha256": "6599741ffe12d3e90ef2b456b64cee90425ff995bc0d1c3cd9c754ddba6697ae",
        "sha256_in_prefix": "6599741ffe12d3e90ef2b456b64cee90425ff995bc0d1c3cd9c754ddba6697ae",
        "size_in_bytes": 21960
      },
      {
        "_path": "api-ms-win-core-file-l1-1-0.dll",
        "path_type": "hardlink",
        "sha256": "3a7bdd492a945a962eb18f486ae7bcddc2bbd5b43a12eb461057a6cdc5657f5f",
        "sha256_in_prefix": "3a7bdd492a945a962eb18f486ae7bcddc2bbd5b43a12eb461057a6cdc5657f5f",
        "size_in_bytes": 26056
      },
      {
        "_path": "api-ms-win-core-file-l1-2-0.dll",
        "path_type": "hardlink",
        "sha256": "1b384401b534ca9a61dce7f51c8d54b9eabb625f86569bf09e449be5724c6ca0",
        "sha256_in_prefix": "1b384401b534ca9a61dce7f51c8d54b9eabb625f86569bf09e449be5724c6ca0",
        "size_in_bytes": 22072
      },
      {
        "_path": "api-ms-win-core-file-l2-1-0.dll",
        "path_type": "hardlink",
        "sha256": "1d2f1efefd0a802190f0257aac7e1589d08ffbaea550c561c69c1827e57b55e7",
        "sha256_in_prefix": "1d2f1efefd0a802190f0257aac7e1589d08ffbaea550c561c69c1827e57b55e7",
        "size_in_bytes": 22056
      },
      {
        "_path": "api-ms-win-core-handle-l1-1-0.dll",
        "path_type": "hardlink",
        "sha256": "819976a22a6648536ba0c184d80d093d867d513849baa8f7011fade104a7f8c0",
        "sha256_in_prefix": "819976a22a6648536ba0c184d80d093d867d513849baa8f7011fade104a7f8c0",
        "size_in_bytes": 22072
      },
      {
        "_path": "api-ms-win-core-heap-l1-1-0.dll",
        "path_type": "hardlink",
        "sha256": "83ca55315263d7a42d16cf032e67b79359052321c43c5df97d687c2f4d84a79c",
        "sha256_in_prefix": "83ca55315263d7a42d16cf032e67b79359052321c43c5df97d687c2f4d84a79c",
        "size_in_bytes": 22072
      },
      {
        "_path": "api-ms-win-core-interlocked-l1-1-0.dll",
        "path_type": "hardlink",
        "sha256": "7e32a4463c99e54dd1366658b4284020e1a3384c4c366761116309dae49ee831",
        "sha256_in_prefix": "7e32a4463c99e54dd1366658b4284020e1a3384c4c366761116309dae49ee831",
        "size_in_bytes": 22072
      },
      {
        "_path": "api-ms-win-core-kernel32-legacy-l1-1-1.dll",
        "path_type": "hardlink",
        "sha256": "82bb3c053e3c8f4ed9127d3a4d0d5bea73d13b98a023073ea0f039ca96405c09",
        "sha256_in_prefix": "82bb3c053e3c8f4ed9127d3a4d0d5bea73d13b98a023073ea0f039ca96405c09",
        "size_in_bytes": 21960
      },
      {
        "_path": "api-ms-win-core-libraryloader-l1-1-0.dll",
        "path_type": "hardlink",
        "sha256": "c29c1592af0578c58f2f37e77a044573e8c9fda4daba184c3ac5032b061693a5",
        "sha256_in_prefix": "c29c1592af0578c58f2f37e77a044573e8c9fda4daba184c3ac5032b061693a5",
        "size_in_bytes": 21960
      },
      {
        "_path": "api-ms-win-core-localization-l1-2-0.dll",
        "path_type": "hardlink",
        "sha256": "2fb638be18863ef6077fef2b7f4ebda92527b8e19d2e5b39eba27b3bf96a7fed",
        "sha256_in_prefix": "2fb638be18863ef6077fef2b7f4ebda92527b8e19d2e5b39eba27b3bf96a7fed",
        "size_in_bytes": 22056
      },
      {
        "_path": "api-ms-win-core-memory-l1-1-0.dll",
        "path_type": "hardlink",
        "sha256": "7aacd77d48b5a7595c59ef95c09d65bd9ee6644206b0878a8108398563b09515",
        "sha256_in_prefix": "7aacd77d48b5a7595c59ef95c09d65bd9ee6644206b0878a8108398563b09515",
        "size_in_bytes": 22056
      },
      {
        "_path": "api-ms-win-core-namedpipe-l1-1-0.dll",
        "path_type": "hardlink",
        "sha256": "c184419f20f5ea131239e627dcad237da804a5fd21b446846f5c0d60b06a7b49",
        "sha256_in_prefix": "c184419f20f5ea131239e627dcad237da804a5fd21b446846f5c0d60b06a7b49",
        "size_in_bytes": 22056
      },
      {
        "_path": "api-ms-win-core-processenvironment-l1-1-0.dll",
        "path_type": "hardlink",
        "sha256": "9ab3de163dd167a9423946c308a6f225e22172e8547ccf154e0269d258588df7",
        "sha256_in_prefix": "9ab3de163dd167a9423946c308a6f225e22172e8547ccf154e0269d258588df7",
        "size_in_bytes": 22056
      },
      {
        "_path": "api-ms-win-core-processthreads-l1-1-0.dll",
        "path_type": "hardlink",
        "sha256": "f5b2cd5c8fbe89ac55a09b6939cfacdd0861ff47e1fc3df300412603fa96e00b",
        "sha256_in_prefix": "f5b2cd5c8fbe89ac55a09b6939cfacdd0861ff47e1fc3df300412603fa96e00b",
        "size_in_bytes": 22056
      },
      {
        "_path": "api-ms-win-core-processthreads-l1-1-1.dll",
        "path_type": "hardlink",
        "sha256": "5a3d41a750d1d6714232448193e57ab7d8fd718ba9cec24c7afc71f69886dae3",
        "sha256_in_prefix": "5a3d41a750d1d6714232448193e57ab7d8fd718ba9cec24c7afc71f69886dae3",
        "size_in_bytes": 22072
      },
      {
        "_path": "api-ms-win-core-profile-l1-1-0.dll",
        "path_type": "hardlink",
        "sha256": "23a1324112574ad2f7d903a881592354e8fe915ba3086e830b9dc49cfbf7154c",
        "sha256_in_prefix": "23a1324112574ad2f7d903a881592354e8fe915ba3086e830b9dc49cfbf7154c",
        "size_in_bytes": 21944
      },
      {
        "_path": "api-ms-win-core-rtlsupport-l1-1-0.dll",
        "path_type": "hardlink",
        "sha256": "17423b1dfc0d5c9246a1b4c50bce5af931b186ad66268761b2611e611d9adbb3",
        "sha256_in_prefix": "17423b1dfc0d5c9246a1b4c50bce5af931b186ad66268761b2611e611d9adbb3",
        "size_in_bytes": 21944
      },
      {
        "_path": "api-ms-win-core-string-l1-1-0.dll",
        "path_type": "hardlink",
        "sha256": "ac5a66b65ead96dfbc63afd947601bd276c1c5ede2a7acc0d580b02ef104892a",
        "sha256_in_prefix": "ac5a66b65ead96dfbc63afd947601bd276c1c5ede2a7acc0d580b02ef104892a",
        "size_in_bytes": 22072
      },
      {
        "_path": "api-ms-win-core-synch-l1-1-0.dll",
        "path_type": "hardlink",
        "sha256": "2d577cdae281cd49141a87340d21ee3b372a297ef9ce35e82cf449dd352f380d",
        "sha256_in_prefix": "2d577cdae281cd49141a87340d21ee3b372a297ef9ce35e82cf449dd352f380d",
        "size_in_bytes": 21944
      },
      {
        "_path": "api-ms-win-core-synch-l1-2-0.dll",
        "path_type": "hardlink",
        "sha256": "220a7cee500b92a005b58d45006b1b98545fcd2040dda5d3d750fe2e6de5c62b",
        "sha256_in_prefix": "220a7cee500b92a005b58d45006b1b98545fcd2040dda5d3d750fe2e6de5c62b",
        "size_in_bytes": 22072
      },
      {
        "_path": "api-ms-win-core-sysinfo-l1-1-0.dll",
        "path_type": "hardlink",
        "sha256": "371442d516a47a8949945f85c6bb0fe3c3b88731de07a4ff457c2b041c928cfd",
        "sha256_in_prefix": "371442d516a47a8949945f85c6bb0fe3c3b88731de07a4ff457c2b041c928cfd",
        "size_in_bytes": 21960
      },
      {
        "_path": "api-ms-win-core-sysinfo-l1-2-0.dll",
        "path_type": "hardlink",
        "sha256": "da65cf54767305c74eaf35e39ac8b7ff472c2df5e22a84e4fc465e2448d2fea3",
        "sha256_in_prefix": "da65cf54767305c74eaf35e39ac8b7ff472c2df5e22a84e4fc465e2448d2fea3",
        "size_in_bytes": 21960
      },
      {
        "_path": "api-ms-win-core-timezone-l1-1-0.dll",
        "path_type": "hardlink",
        "sha256": "9dae313de05c31ab6583545323e422dd1bdaec4aa26e81cbea0d5b69b632fd0c",
        "sha256_in_prefix": "9dae313de05c31ab6583545323e422dd1bdaec4aa26e81cbea0d5b69b632fd0c",
        "size_in_bytes": 21944
      },
      {
        "_path": "api-ms-win-core-util-l1-1-0.dll",
        "path_type": "hardlink",
        "sha256": "d627df017ddcf7472c761f9796cb55fc7a2347f05cc897bf6c7c29aee8e4dd0c",
        "sha256_in_prefix": "d627df017ddcf7472c761f9796cb55fc7a2347f05cc897bf6c7c29aee8e4dd0c",
        "size_in_bytes": 22056
      },
      {
        "_path": "api-ms-win-crt-conio-l1-1-0.dll",
        "path_type": "hardlink",
        "sha256": "4324863a74391b29229e5376020de3e1a04f436abbd4604e305307fde4601fa7",
        "sha256_in_prefix": "4324863a74391b29229e5376020de3e1a04f436abbd4604e305307fde4601fa7",
        "size_in_bytes": 22072
      },
      {
        "_path": "api-ms-win-crt-convert-l1-1-0.dll",
        "path_type": "hardlink",
        "sha256": "6f997e4a9837f42295fa25f45cb564f5efa93c99768e2a2e2643008ecffe97b0",
        "sha256_in_prefix": "6f997e4a9837f42295fa25f45cb564f5efa93c99768e2a2e2643008ecffe97b0",
        "size_in_bytes": 26040
      },
      {
        "_path": "api-ms-win-crt-environment-l1-1-0.dll",
        "path_type": "hardlink",
        "sha256": "3c0893659c504d16984d6b87c61c98fa050d60473ff77e294f69fdb7fae155bb",
        "sha256_in_prefix": "3c0893659c504d16984d6b87c61c98fa050d60473ff77e294f69fdb7fae155bb",
        "size_in_bytes": 21944
      },
      {
        "_path": "api-ms-win-crt-filesystem-l1-1-0.dll",
        "path_type": "hardlink",
        "sha256": "924099811552d0e9623d220fd9f9348a14d44ef08694a15d442010193574b1fe",
        "sha256_in_prefix": "924099811552d0e9623d220fd9f9348a14d44ef08694a15d442010193574b1fe",
        "size_in_bytes": 21944
      },
      {
        "_path": "api-ms-win-crt-heap-l1-1-0.dll",
        "path_type": "hardlink",
        "sha256": "2cfc2c7c376630b595e3582ccd2dda019f82ae5dc1665d34d3621e2c62e1a868",
        "sha256_in_prefix": "2cfc2c7c376630b595e3582ccd2dda019f82ae5dc1665d34d3621e2c62e1a868",
        "size_in_bytes": 22056
      },
      {
        "_path": "api-ms-win-crt-locale-l1-1-0.dll",
        "path_type": "hardlink",
        "sha256": "3c2bc1ebdcb4c6fedefc5b82419a1a4b5ba035c3f5453e9d083dccdbfe2d9e95",
        "sha256_in_prefix": "3c2bc1ebdcb4c6fedefc5b82419a1a4b5ba035c3f5453e9d083dccdbfe2d9e95",
        "size_in_bytes": 22072
      },
      {
        "_path": "api-ms-win-crt-math-l1-1-0.dll",
        "path_type": "hardlink",
        "sha256": "930fbbcfd3fbd97bfc2c0174f059ff48f33fa54274e409ed6d629a7230e45aa0",
        "sha256_in_prefix": "930fbbcfd3fbd97bfc2c0174f059ff48f33fa54274e409ed6d629a7230e45aa0",
        "size_in_bytes": 30248
      },
      {
        "_path": "api-ms-win-crt-multibyte-l1-1-0.dll",
        "path_type": "hardlink",
        "sha256": "ebf235dce2322da2bf32ff0ddc0e2b0a159b1360ee0a07e3604f621fca883125",
        "sha256_in_prefix": "ebf235dce2322da2bf32ff0ddc0e2b0a159b1360ee0a07e3604f621fca883125",
        "size_in_bytes": 30264
      },
      {
        "_path": "api-ms-win-crt-private-l1-1-0.dll",
        "path_type": "hardlink",
        "sha256": "0b6c38eae2ba2929b5a25393766cf66028b0d5d2cd51c218528a8df9f62cafee",
        "sha256_in_prefix": "0b6c38eae2ba2929b5a25393766cf66028b0d5d2cd51c218528a8df9f62cafee",
        "size_in_bytes": 75320
      },
      {
        "_path": "api-ms-win-crt-process-l1-1-0.dll",
        "path_type": "hardlink",
        "sha256": "4efdca4ac7819401a586e2abebc3b858ba8ba0b13ad296c6afacd583500f2575",
        "sha256_in_prefix": "4efdca4ac7819401a586e2abebc3b858ba8ba0b13ad296c6afacd583500f2575",
        "size_in_bytes": 21944
      },
      {
        "_path": "api-ms-win-crt-runtime-l1-1-0.dll",
        "path_type": "hardlink",
        "sha256": "5e9837abf4517eb8f74edcf7ea08a3d32916e253d9c24663869dda40cf7b0280",
        "sha256_in_prefix": "5e9837abf4517eb8f74edcf7ea08a3d32916e253d9c24663869dda40cf7b0280",
        "size_in_bytes": 26168
      },
      {
        "_path": "api-ms-win-crt-stdio-l1-1-0.dll",
        "path_type": "hardlink",
        "sha256": "f2a7e41ededd62b2c192fe6381c8cc33f9bd223164ffc8b38623c9220c009ccb",
        "sha256_in_prefix": "f2a7e41ededd62b2c192fe6381c8cc33f9bd223164ffc8b38623c9220c009ccb",
        "size_in_bytes": 26168
      },
      {
        "_path": "api-ms-win-crt-string-l1-1-0.dll",
        "path_type": "hardlink",
        "sha256": "0b337649b564a760abb57e21fb2a755cff080a604034b71c3e8a3cc48c7da71d",
        "sha256_in_prefix": "0b337649b564a760abb57e21fb2a755cff080a604034b71c3e8a3cc48c7da71d",
        "size_in_bytes": 26168
      },
      {
        "_path": "api-ms-win-crt-time-l1-1-0.dll",
        "path_type": "hardlink",
        "sha256": "63a56aa00ca3bec9225e516ccd336003fc4145c1c1439c7d4d9925d8be24c0e7",
        "sha256_in_prefix": "63a56aa00ca3bec9225e516ccd336003fc4145c1c1439c7d4d9925d8be24c0e7",
        "size_in_bytes": 21944
      },
      {
        "_path": "api-ms-win-crt-utility-l1-1-0.dll",
        "path_type": "hardlink",
        "sha256": "dc75e73ff3f294ada7e9646b51b2ed137f5c26364cbbd71f36a8f5029a3111db",
        "sha256_in_prefix": "dc75e73ff3f294ada7e9646b51b2ed137f5c26364cbbd71f36a8f5029a3111db",
        "size_in_bytes": 21944
      },
      {
        "_path": "concrt140.dll",
        "path_type": "hardlink",
        "sha256": "4f500992a53c41a0ba44a11c33c481d8763505a7453be12d85107856ab8fb332",
        "sha256_in_prefix": "4f500992a53c41a0ba44a11c33c481d8763505a7453be12d85107856ab8fb332",
        "size_in_bytes": 322560
      },
      {
        "_path": "msvcp140.dll",
        "path_type": "hardlink",
        "sha256": "a4c2229bdc2a2a630acdc095b4d86008e5c3e3bc7773174354f3da4f5beb9cde",
        "sha256_in_prefix": "a4c2229bdc2a2a630acdc095b4d86008e5c3e3bc7773174354f3da4f5beb9cde",
        "size_in_bytes": 575056
      },
      {
        "_path": "msvcp140_1.dll",
        "path_type": "hardlink",
        "sha256": "91cd05c16c61c39788c47434602a59c17f5b08dbb3eee04ce85f8d5b70e8e604",
        "sha256_in_prefix": "91cd05c16c61c39788c47434602a59c17f5b08dbb3eee04ce85f8d5b70e8e604",
        "size_in_bytes": 35808
      },
      {
        "_path": "msvcp140_2.dll",
        "path_type": "hardlink",
        "sha256": "713f17b253d802d283d306ce75647e37d83a546aeb1a881e5d9e529e856c007e",
        "sha256_in_prefix": "713f17b253d802d283d306ce75647e37d83a546aeb1a881e5d9e529e856c007e",
        "size_in_bytes": 268880
      },
      {
        "_path": "msvcp140_atomic_wait.dll",
        "path_type": "hardlink",
        "sha256": "aede4ec454a82f146eb4a721e616e2086870107d88aabc6b0bd1eea0a505d935",
        "sha256_in_prefix": "aede4ec454a82f146eb4a721e616e2086870107d88aabc6b0bd1eea0a505d935",
        "size_in_bytes": 50664
      },
      {
        "_path": "msvcp140_codecvt_ids.dll",
        "path_type": "hardlink",
        "sha256": "d52d349fbbe6abc61965c07e04cc82d8ee0cea1de7faf90a838964e3f40acedd",
        "sha256_in_prefix": "d52d349fbbe6abc61965c07e04cc82d8ee0cea1de7faf90a838964e3f40acedd",
        "size_in_bytes": 31744
      },
      {
        "_path": "ucrtbase.dll",
        "path_type": "hardlink",
        "sha256": "d404dc9aa843d53d7e276dd078b2cac8d7aa905e2838a1fe8385278e19ba3810",
        "sha256_in_prefix": "d404dc9aa843d53d7e276dd078b2cac8d7aa905e2838a1fe8385278e19ba3810",
        "size_in_bytes": 1357256
      },
      {
        "_path": "vccorlib140.dll",
        "path_type": "hardlink",
        "sha256": "086fab8accce357da499e6024e4290aa89dfc219867c90d90c62f8247591b95b",
        "sha256_in_prefix": "086fab8accce357da499e6024e4290aa89dfc219867c90d90c62f8247591b95b",
        "size_in_bytes": 351824
      },
      {
        "_path": "vcomp140.dll",
        "path_type": "hardlink",
        "sha256": "48b2cffa42a5064ba299eff1733753f4fa042d9d452c49c11d4fad27360f78ae",
        "sha256_in_prefix": "48b2cffa42a5064ba299eff1733753f4fa042d9d452c49c11d4fad27360f78ae",
        "size_in_bytes": 192104
      },
      {
        "_path": "vcruntime140.dll",
        "path_type": "hardlink",
        "sha256": "02c6aa0e6e624411a9f19b0360a7865ab15908e26024510e5c38a9c08362c35a",
        "sha256_in_prefix": "02c6aa0e6e624411a9f19b0360a7865ab15908e26024510e5c38a9c08362c35a",
        "size_in_bytes": 119888
      },
      {
        "_path": "vcruntime140_1.dll",
        "path_type": "hardlink",
        "sha256": "7dd9aa02e271c68ca6d5f18d651d23a15d7259715af43326578f7dde27f37637",
        "sha256_in_prefix": "7dd9aa02e271c68ca6d5f18d651d23a15d7259715af43326578f7dde27f37637",
        "size_in_bytes": 49640
      },
      {
        "_path": "vcruntime140_threads.dll",
        "path_type": "hardlink",
        "sha256": "75f3540ebe0876c1b173821d2669987c088c3f6db985305d160460f476536a89",
        "sha256_in_prefix": "75f3540ebe0876c1b173821d2669987c088c3f6db985305d160460f476536a89",
        "size_in_bytes": 38504
      }
    ],
    "paths_version": 1
  },
  "requested_spec": "None",
  "sha256": "4eb1d09b250ffd93ea0616328fa318e8d616afe3981fd5c7d179a5cdab8b7336",
  "size": 1354377,
  "subdir": "win-64",
  "timestamp": 1726064391000,
  "url": "https://repo.anaconda.com/pkgs/main/win-64/vs2015_runtime-14.40.33807-h98bb1dd_1.conda",
  "version": "14.40.33807"
}