{
  "build": "py312haa95532_0",
  "build_number": 0,
  "channel": "https://repo.anaconda.com/pkgs/main/win-64",
  "constrains": [],
  "depends": [
    "python >=3.12,<3.13.0a0"
  ],
  "extracted_package_dir": "C:\\Users\\q1\\miniconda3\\pkgs\\wheel-0.44.0-py312haa95532_0",
  "files": [
    "Lib/site-packages/wheel-0.44.0.dist-info/LICENSE.txt",
    "Lib/site-packages/wheel-0.44.0.dist-info/METADATA",
    "Lib/site-packages/wheel-0.44.0.dist-info/RECORD",
    "Lib/site-packages/wheel-0.44.0.dist-info/WHEEL",
    "Lib/site-packages/wheel-0.44.0.dist-info/entry_points.txt",
    "Lib/site-packages/wheel/__init__.py",
    "Lib/site-packages/wheel/__main__.py",
    "Lib/site-packages/wheel/__pycache__/__init__.cpython-312.pyc",
    "Lib/site-packages/wheel/__pycache__/__main__.cpython-312.pyc",
    "Lib/site-packages/wheel/__pycache__/_bdist_wheel.cpython-312.pyc",
    "Lib/site-packages/wheel/__pycache__/_setuptools_logging.cpython-312.pyc",
    "Lib/site-packages/wheel/__pycache__/bdist_wheel.cpython-312.pyc",
    "Lib/site-packages/wheel/__pycache__/macosx_libfile.cpython-312.pyc",
    "Lib/site-packages/wheel/__pycache__/metadata.cpython-312.pyc",
    "Lib/site-packages/wheel/__pycache__/util.cpython-312.pyc",
    "Lib/site-packages/wheel/__pycache__/wheelfile.cpython-312.pyc",
    "Lib/site-packages/wheel/_bdist_wheel.py",
    "Lib/site-packages/wheel/_setuptools_logging.py",
    "Lib/site-packages/wheel/bdist_wheel.py",
    "Lib/site-packages/wheel/cli/__init__.py",
    "Lib/site-packages/wheel/cli/__pycache__/__init__.cpython-312.pyc",
    "Lib/site-packages/wheel/cli/__pycache__/convert.cpython-312.pyc",
    "Lib/site-packages/wheel/cli/__pycache__/pack.cpython-312.pyc",
    "Lib/site-packages/wheel/cli/__pycache__/tags.cpython-312.pyc",
    "Lib/site-packages/wheel/cli/__pycache__/unpack.cpython-312.pyc",
    "Lib/site-packages/wheel/cli/convert.py",
    "Lib/site-packages/wheel/cli/pack.py",
    "Lib/site-packages/wheel/cli/tags.py",
    "Lib/site-packages/wheel/cli/unpack.py",
    "Lib/site-packages/wheel/macosx_libfile.py",
    "Lib/site-packages/wheel/metadata.py",
    "Lib/site-packages/wheel/util.py",
    "Lib/site-packages/wheel/vendored/__init__.py",
    "Lib/site-packages/wheel/vendored/__pycache__/__init__.cpython-312.pyc",
    "Lib/site-packages/wheel/vendored/packaging/__init__.py",
    "Lib/site-packages/wheel/vendored/packaging/__pycache__/__init__.cpython-312.pyc",
    "Lib/site-packages/wheel/vendored/packaging/__pycache__/_elffile.cpython-312.pyc",
    "Lib/site-packages/wheel/vendored/packaging/__pycache__/_manylinux.cpython-312.pyc",
    "Lib/site-packages/wheel/vendored/packaging/__pycache__/_musllinux.cpython-312.pyc",
    "Lib/site-packages/wheel/vendored/packaging/__pycache__/_parser.cpython-312.pyc",
    "Lib/site-packages/wheel/vendored/packaging/__pycache__/_structures.cpython-312.pyc",
    "Lib/site-packages/wheel/vendored/packaging/__pycache__/_tokenizer.cpython-312.pyc",
    "Lib/site-packages/wheel/vendored/packaging/__pycache__/markers.cpython-312.pyc",
    "Lib/site-packages/wheel/vendored/packaging/__pycache__/requirements.cpython-312.pyc",
    "Lib/site-packages/wheel/vendored/packaging/__pycache__/specifiers.cpython-312.pyc",
    "Lib/site-packages/wheel/vendored/packaging/__pycache__/tags.cpython-312.pyc",
    "Lib/site-packages/wheel/vendored/packaging/__pycache__/utils.cpython-312.pyc",
    "Lib/site-packages/wheel/vendored/packaging/__pycache__/version.cpython-312.pyc",
    "Lib/site-packages/wheel/vendored/packaging/_elffile.py",
    "Lib/site-packages/wheel/vendored/packaging/_manylinux.py",
    "Lib/site-packages/wheel/vendored/packaging/_musllinux.py",
    "Lib/site-packages/wheel/vendored/packaging/_parser.py",
    "Lib/site-packages/wheel/vendored/packaging/_structures.py",
    "Lib/site-packages/wheel/vendored/packaging/_tokenizer.py",
    "Lib/site-packages/wheel/vendored/packaging/markers.py",
    "Lib/site-packages/wheel/vendored/packaging/requirements.py",
    "Lib/site-packages/wheel/vendored/packaging/specifiers.py",
    "Lib/site-packages/wheel/vendored/packaging/tags.py",
    "Lib/site-packages/wheel/vendored/packaging/utils.py",
    "Lib/site-packages/wheel/vendored/packaging/version.py",
    "Lib/site-packages/wheel/vendored/vendor.txt",
    "Lib/site-packages/wheel/wheelfile.py",
    "Scripts/wheel-script.py",
    "Scripts/wheel.exe",
    ".nonadmin"
  ],
  "fn": "wheel-0.44.0-py312haa95532_0.conda",
  "license": "MIT",
  "link": {
    "source": "C:\\Users\\q1\\miniconda3\\pkgs\\wheel-0.44.0-py312haa95532_0",
    "type": 1
  },
  "md5": "e0d4ff7c1b53527d54a4b5c4c3256d8c",
  "name": "wheel",
  "package_tarball_full_path": "C:\\Users\\q1\\miniconda3\\pkgs\\wheel-0.44.0-py312haa95532_0.conda",
  "paths_data": {
    "paths": [
      {
        "_path": "Lib/site-packages/wheel-0.44.0.dist-info/LICENSE.txt",
        "path_type": "hardlink",
        "sha256": "30c23618679108f3e8ea1d2a658c7ca417bdfc891c98ef1a89fa4ff0c9828654",
        "sha256_in_prefix": "30c23618679108f3e8ea1d2a658c7ca417bdfc891c98ef1a89fa4ff0c9828654",
        "size_in_bytes": 1107
      },
      {
        "_path": "Lib/site-packages/wheel-0.44.0.dist-info/METADATA",
        "path_type": "hardlink",
        "sha256": "3a3c69baae37bab03a835fa8b8a3128f08d69fb513345812beab7c6e5afee041",
        "sha256_in_prefix": "3a3c69baae37bab03a835fa8b8a3128f08d69fb513345812beab7c6e5afee041",
        "size_in_bytes": 2313
      },
      {
        "_path": "Lib/site-packages/wheel-0.44.0.dist-info/RECORD",
        "path_type": "hardlink",
        "sha256": "950d04d4a696f0dd9c6868d0b8ed0cde663de3e293a1eb7dfdcb822801eadec1",
        "sha256_in_prefix": "950d04d4a696f0dd9c6868d0b8ed0cde663de3e293a1eb7dfdcb822801eadec1",
        "size_in_bytes": 2908
      },
      {
        "_path": "Lib/site-packages/wheel-0.44.0.dist-info/WHEEL",
        "path_type": "hardlink",
        "sha256": "1196c6921ec87b83e865f450f08d19b8ff5592537f4ef719e83484e546abe33e",
        "sha256_in_prefix": "1196c6921ec87b83e865f450f08d19b8ff5592537f4ef719e83484e546abe33e",
        "size_in_bytes": 81
      },
      {
        "_path": "Lib/site-packages/wheel-0.44.0.dist-info/entry_points.txt",
        "path_type": "hardlink",
        "sha256": "ad363505b90f1e1906326e10dc5d29233241cd6da4331a06d68ae27dfbc6740d",
        "sha256_in_prefix": "ad363505b90f1e1906326e10dc5d29233241cd6da4331a06d68ae27dfbc6740d",
        "size_in_bytes": 104
      },
      {
        "_path": "Lib/site-packages/wheel/__init__.py",
        "path_type": "hardlink",
        "sha256": "1b474a6c75845852460e464822eda21682713f4a68534da542077a524a82f9a0",
        "sha256_in_prefix": "1b474a6c75845852460e464822eda21682713f4a68534da542077a524a82f9a0",
        "size_in_bytes": 59
      },
      {
        "_path": "Lib/site-packages/wheel/__main__.py",
        "path_type": "hardlink",
        "sha256": "3643149ee4c219c3a4818d0804b8010950bf04619c58e471d8af236064b5d941",
        "sha256_in_prefix": "3643149ee4c219c3a4818d0804b8010950bf04619c58e471d8af236064b5d941",
        "size_in_bytes": 455
      },
      {
        "_path": "Lib/site-packages/wheel/__pycache__/__init__.cpython-312.pyc",
        "path_type": "hardlink",
        "sha256": "206070940a01ed1042c29aab7f5685f946331e27364444f0457381081265d9c0",
        "sha256_in_prefix": "206070940a01ed1042c29aab7f5685f946331e27364444f0457381081265d9c0",
        "size_in_bytes": 211
      },
      {
        "_path": "Lib/site-packages/wheel/__pycache__/__main__.cpython-312.pyc",
        "path_type": "hardlink",
        "sha256": "a47a82530da024163c19235381340b75950450cfa80f147307b24cc9a5fa1f2a",
        "sha256_in_prefix": "a47a82530da024163c19235381340b75950450cfa80f147307b24cc9a5fa1f2a",
        "size_in_bytes": 946
      },
      {
        "_path": "Lib/site-packages/wheel/__pycache__/_bdist_wheel.cpython-312.pyc",
        "path_type": "hardlink",
        "sha256": "75e2a9305f824710815cc03b56aa9a776a1d6ede2b2e58812b4abba5387a2eac",
        "sha256_in_prefix": "75e2a9305f824710815cc03b56aa9a776a1d6ede2b2e58812b4abba5387a2eac",
        "size_in_bytes": 25753
      },
      {
        "_path": "Lib/site-packages/wheel/__pycache__/_setuptools_logging.cpython-312.pyc",
        "path_type": "hardlink",
        "sha256": "0235ce530ebc29c78b12ccf616a78727b929503faaae06f5b05fba80bc61ae20",
        "sha256_in_prefix": "0235ce530ebc29c78b12ccf616a78727b929503faaae06f5b05fba80bc61ae20",
        "size_in_bytes": 1357
      },
      {
        "_path": "Lib/site-packages/wheel/__pycache__/bdist_wheel.cpython-312.pyc",
        "path_type": "hardlink",
        "sha256": "5435344a83e16658f0ef18e426bd314a6fbf5ba5eacdd0031fcef4c51f053063",
        "sha256_in_prefix": "5435344a83e16658f0ef18e426bd314a6fbf5ba5eacdd0031fcef4c51f053063",
        "size_in_bytes": 532
      },
      {
        "_path": "Lib/site-packages/wheel/__pycache__/macosx_libfile.cpython-312.pyc",
        "path_type": "hardlink",
        "sha256": "eaf70592d6fc838a7ce29551ad21b9855a5b71391263f123cd324f0c5f58e34b",
        "sha256_in_prefix": "eaf70592d6fc838a7ce29551ad21b9855a5b71391263f123cd324f0c5f58e34b",
        "size_in_bytes": 16187
      },
      {
        "_path": "Lib/site-packages/wheel/__pycache__/metadata.cpython-312.pyc",
        "path_type": "hardlink",
        "sha256": "95c43791c624ce91b2aceb077d16c787c916d2c429b01d42fc78d38242a51830",
        "sha256_in_prefix": "95c43791c624ce91b2aceb077d16c787c916d2c429b01d42fc78d38242a51830",
        "size_in_bytes": 8623
      },
      {
        "_path": "Lib/site-packages/wheel/__pycache__/util.cpython-312.pyc",
        "path_type": "hardlink",
        "sha256": "6adefef750a60ab83ddf13c5ad161faf113f24236c8870d30d15faef807021d0",
        "sha256_in_prefix": "6adefef750a60ab83ddf13c5ad161faf113f24236c8870d30d15faef807021d0",
        "size_in_bytes": 1140
      },
      {
        "_path": "Lib/site-packages/wheel/__pycache__/wheelfile.cpython-312.pyc",
        "path_type": "hardlink",
        "sha256": "22e4389bf6ba4c49001b7b7ceedf46a0bfaa8c618e5b588ebf6f7197cd2b288b",
        "sha256_in_prefix": "22e4389bf6ba4c49001b7b7ceedf46a0bfaa8c618e5b588ebf6f7197cd2b288b",
        "size_in_bytes": 11440
      },
      {
        "_path": "Lib/site-packages/wheel/_bdist_wheel.py",
        "path_type": "hardlink",
        "sha256": "d32e284a36db98350c0e256b84d8cd64e394ed34fce5839b32248aed3f916126",
        "sha256_in_prefix": "d32e284a36db98350c0e256b84d8cd64e394ed34fce5839b32248aed3f916126",
        "size_in_bytes": 21496
      },
      {
        "_path": "Lib/site-packages/wheel/_setuptools_logging.py",
        "path_type": "hardlink",
        "sha256": "fb9282fa59ded2294e5162037ce92a6a951618c15986e2980c86af219881e643",
        "sha256_in_prefix": "fb9282fa59ded2294e5162037ce92a6a951618c15986e2980c86af219881e643",
        "size_in_bytes": 781
      },
      {
        "_path": "Lib/site-packages/wheel/bdist_wheel.py",
        "path_type": "hardlink",
        "sha256": "f9b5159a79fb4468dc19b8ef9f94284331514e23adf994c5cb86ec23582b0b85",
        "sha256_in_prefix": "f9b5159a79fb4468dc19b8ef9f94284331514e23adf994c5cb86ec23582b0b85",
        "size_in_bytes": 376
      },
      {
        "_path": "Lib/site-packages/wheel/cli/__init__.py",
        "path_type": "hardlink",
        "sha256": "369abafe32a2d3776121c46799bb85870be2549c703b4b5812712158cbfd709a",
        "sha256_in_prefix": "369abafe32a2d3776121c46799bb85870be2549c703b4b5812712158cbfd709a",
        "size_in_bytes": 4402
      },
      {
        "_path": "Lib/site-packages/wheel/cli/__pycache__/__init__.cpython-312.pyc",
        "path_type": "hardlink",
        "sha256": "13e2264909e7bb4211c09ba1efdfed09dd3e3e3aa91bbcd5d7d79337d634bda8",
        "sha256_in_prefix": "13e2264909e7bb4211c09ba1efdfed09dd3e3e3aa91bbcd5d7d79337d634bda8",
        "size_in_bytes": 6879
      },
      {
        "_path": "Lib/site-packages/wheel/cli/__pycache__/convert.cpython-312.pyc",
        "path_type": "hardlink",
        "sha256": "122310da2b9283e5591687f5b9f3d437caac629374ce492ec57af96042f38e70",
        "sha256_in_prefix": "122310da2b9283e5591687f5b9f3d437caac629374ce492ec57af96042f38e70",
        "size_in_bytes": 10910
      },
      {
        "_path": "Lib/site-packages/wheel/cli/__pycache__/pack.cpython-312.pyc",
        "path_type": "hardlink",
        "sha256": "98a9a9945886b015650f13c0da7c0900f3049491800d9f1be9af153c5996cde6",
        "sha256_in_prefix": "98a9a9945886b015650f13c0da7c0900f3049491800d9f1be9af153c5996cde6",
        "size_in_bytes": 4407
      },
      {
        "_path": "Lib/site-packages/wheel/cli/__pycache__/tags.cpython-312.pyc",
        "path_type": "hardlink",
        "sha256": "f34520d2d18ec8f1b454d358e14f5411c61f027d037555ce24cea471216962bc",
        "sha256_in_prefix": "f34520d2d18ec8f1b454d358e14f5411c61f027d037555ce24cea471216962bc",
        "size_in_bytes": 6697
      },
      {
        "_path": "Lib/site-packages/wheel/cli/__pycache__/unpack.cpython-312.pyc",
        "path_type": "hardlink",
        "sha256": "19f1a2e2979fed71680b29727a1b4adb23d2090520fb982ba4a7553c3254bc42",
        "sha256_in_prefix": "19f1a2e2979fed71680b29727a1b4adb23d2090520fb982ba4a7553c3254bc42",
        "size_in_bytes": 1481
      },
      {
        "_path": "Lib/site-packages/wheel/cli/convert.py",
        "path_type": "hardlink",
        "sha256": "c4d9f28a31ebc4dd3acddb5e41f338850d9f48fa20980c0226c0281c8075f412",
        "sha256_in_prefix": "c4d9f28a31ebc4dd3acddb5e41f338850d9f48fa20980c0226c0281c8075f412",
        "size_in_bytes": 9512
      },
      {
        "_path": "Lib/site-packages/wheel/cli/pack.py",
        "path_type": "hardlink",
        "sha256": "08015c1dd055ba5bec1d82659dd2953bb28c23d26a053673e628b43cac7108eb",
        "sha256_in_prefix": "08015c1dd055ba5bec1d82659dd2953bb28c23d26a053673e628b43cac7108eb",
        "size_in_bytes": 3103
      },
      {
        "_path": "Lib/site-packages/wheel/cli/tags.py",
        "path_type": "hardlink",
        "sha256": "947c3e2da5ab912e49cbfa96730fbaa528de34ceb20230e7a8a2371392534c25",
        "sha256_in_prefix": "947c3e2da5ab912e49cbfa96730fbaa528de34ceb20230e7a8a2371392534c25",
        "size_in_bytes": 4760
      },
      {
        "_path": "Lib/site-packages/wheel/cli/unpack.py",
        "path_type": "hardlink",
        "sha256": "63f27bca7c4f4a81454d3ec7d1f3206c195512bc320c670e6e099ee4c06ecf9f",
        "sha256_in_prefix": "63f27bca7c4f4a81454d3ec7d1f3206c195512bc320c670e6e099ee4c06ecf9f",
        "size_in_bytes": 1021
      },
      {
        "_path": "Lib/site-packages/wheel/macosx_libfile.py",
        "path_type": "hardlink",
        "sha256": "935c7b084dcb3ed3951aa8fa3574359d319854f69e46b855cd41bf28fab7cc3b",
        "sha256_in_prefix": "935c7b084dcb3ed3951aa8fa3574359d319854f69e46b855cd41bf28fab7cc3b",
        "size_in_bytes": 16572
      },
      {
        "_path": "Lib/site-packages/wheel/metadata.py",
        "path_type": "hardlink",
        "sha256": "242e29ee395066ed9b513010d9f7af92a2e383f5fa8273724612e7e8e50ed6d7",
        "sha256_in_prefix": "242e29ee395066ed9b513010d9f7af92a2e383f5fa8273724612e7e8e50ed6d7",
        "size_in_bytes": 6171
      },
      {
        "_path": "Lib/site-packages/wheel/util.py",
        "path_type": "hardlink",
        "sha256": "7b48e99ec6db33d42169a312c9aa7efd9814c5cc70a722c393a44772b76e3cb8",
        "sha256_in_prefix": "7b48e99ec6db33d42169a312c9aa7efd9814c5cc70a722c393a44772b76e3cb8",
        "size_in_bytes": 621
      },
      {
        "_path": "Lib/site-packages/wheel/vendored/__init__.py",
        "path_type": "hardlink",
        "sha256": "e3b0c44298fc1c149afbf4c8996fb92427ae41e4649b934ca495991b7852b855",
        "sha256_in_prefix": "e3b0c44298fc1c149afbf4c8996fb92427ae41e4649b934ca495991b7852b855",
        "size_in_bytes": 0
      },
      {
        "_path": "Lib/site-packages/wheel/vendored/__pycache__/__init__.cpython-312.pyc",
        "path_type": "hardlink",
        "sha256": "77d5d04e33482ef29b0bbd64f54e9980dad91c1d5707d5bcc39161784a4f1541",
        "sha256_in_prefix": "77d5d04e33482ef29b0bbd64f54e9980dad91c1d5707d5bcc39161784a4f1541",
        "size_in_bytes": 141
      },
      {
        "_path": "Lib/site-packages/wheel/vendored/packaging/__init__.py",
        "path_type": "hardlink",
        "sha256": "e3b0c44298fc1c149afbf4c8996fb92427ae41e4649b934ca495991b7852b855",
        "sha256_in_prefix": "e3b0c44298fc1c149afbf4c8996fb92427ae41e4649b934ca495991b7852b855",
        "size_in_bytes": 0
      },
      {
        "_path": "Lib/site-packages/wheel/vendored/packaging/__pycache__/__init__.cpython-312.pyc",
        "path_type": "hardlink",
        "sha256": "359bb15dabf6c1a40196a5f001513cb59377f0f1f70f00d331d83607a4a03bc0",
        "sha256_in_prefix": "359bb15dabf6c1a40196a5f001513cb59377f0f1f70f00d331d83607a4a03bc0",
        "size_in_bytes": 151
      },
      {
        "_path": "Lib/site-packages/wheel/vendored/packaging/__pycache__/_elffile.cpython-312.pyc",
        "path_type": "hardlink",
        "sha256": "5c3c46700f3b4833db2669020146e87b55e7a4bc3ade552c822b8ad2d387bf61",
        "sha256_in_prefix": "5c3c46700f3b4833db2669020146e87b55e7a4bc3ade552c822b8ad2d387bf61",
        "size_in_bytes": 4984
      },
      {
        "_path": "Lib/site-packages/wheel/vendored/packaging/__pycache__/_manylinux.cpython-312.pyc",
        "path_type": "hardlink",
        "sha256": "9ea57fbb88c087b91d22e35b80b73faf0dbb5b3331e6f3bf7661da8828a5d91f",
        "sha256_in_prefix": "9ea57fbb88c087b91d22e35b80b73faf0dbb5b3331e6f3bf7661da8828a5d91f",
        "size_in_bytes": 9849
      },
      {
        "_path": "Lib/site-packages/wheel/vendored/packaging/__pycache__/_musllinux.cpython-312.pyc",
        "path_type": "hardlink",
        "sha256": "669c682238e352ac864e41bd9faa27b508fc86f0a30be857458c4f1ccdd68701",
        "sha256_in_prefix": "669c682238e352ac864e41bd9faa27b508fc86f0a30be857458c4f1ccdd68701",
        "size_in_bytes": 4532
      },
      {
        "_path": "Lib/site-packages/wheel/vendored/packaging/__pycache__/_parser.cpython-312.pyc",
        "path_type": "hardlink",
        "sha256": "bce330ec3f6e7ae50e9f472e2f7b3899869ee2c1a53cf62e3cb68fd275d9edcd",
        "sha256_in_prefix": "bce330ec3f6e7ae50e9f472e2f7b3899869ee2c1a53cf62e3cb68fd275d9edcd",
        "size_in_bytes": 14022
      },
      {
        "_path": "Lib/site-packages/wheel/vendored/packaging/__pycache__/_structures.cpython-312.pyc",
        "path_type": "hardlink",
        "sha256": "e677588d3143f3f7820c4305cdbf08682a249ed6c4a3be11097bcb59d24ea01d",
        "sha256_in_prefix": "e677588d3143f3f7820c4305cdbf08682a249ed6c4a3be11097bcb59d24ea01d",
        "size_in_bytes": 3199
      },
      {
        "_path": "Lib/site-packages/wheel/vendored/packaging/__pycache__/_tokenizer.cpython-312.pyc",
        "path_type": "hardlink",
        "sha256": "944ba83950a09f0e4c87369e11ae9dae439fd5c284384cbfc04737e8207be59c",
        "sha256_in_prefix": "944ba83950a09f0e4c87369e11ae9dae439fd5c284384cbfc04737e8207be59c",
        "size_in_bytes": 7895
      },
      {
        "_path": "Lib/site-packages/wheel/vendored/packaging/__pycache__/markers.cpython-312.pyc",
        "path_type": "hardlink",
        "sha256": "70baa1f8eb3a4147104e4a92a7c220f52c578238da741b520e60d973d3a306d4",
        "sha256_in_prefix": "70baa1f8eb3a4147104e4a92a7c220f52c578238da741b520e60d973d3a306d4",
        "size_in_bytes": 10472
      },
      {
        "_path": "Lib/site-packages/wheel/vendored/packaging/__pycache__/requirements.cpython-312.pyc",
        "path_type": "hardlink",
        "sha256": "6228792e8ba364c9ffb60368d86c580c66885b347db6bb1c6557e8a2bd8261e1",
        "sha256_in_prefix": "6228792e8ba364c9ffb60368d86c580c66885b347db6bb1c6557e8a2bd8261e1",
        "size_in_bytes": 4412
      },
      {
        "_path": "Lib/site-packages/wheel/vendored/packaging/__pycache__/specifiers.cpython-312.pyc",
        "path_type": "hardlink",
        "sha256": "c54b4f1f2f1bcbd3054b376c7adeca783a0c706c03ffec9df7a4533693a80803",
        "sha256_in_prefix": "c54b4f1f2f1bcbd3054b376c7adeca783a0c706c03ffec9df7a4533693a80803",
        "size_in_bytes": 39507
      },
      {
        "_path": "Lib/site-packages/wheel/vendored/packaging/__pycache__/tags.cpython-312.pyc",
        "path_type": "hardlink",
        "sha256": "2df6fc3eb905748a1fceac8a2fa55dd3db448a51b4f34149d8e3802bec7d922b",
        "sha256_in_prefix": "2df6fc3eb905748a1fceac8a2fa55dd3db448a51b4f34149d8e3802bec7d922b",
        "size_in_bytes": 21719
      },
      {
        "_path": "Lib/site-packages/wheel/vendored/packaging/__pycache__/utils.cpython-312.pyc",
        "path_type": "hardlink",
        "sha256": "c54685c060b74a4a2b2a3ee03f3fb56cffa4ef5212808380cd8f8e31afe0be5a",
        "sha256_in_prefix": "c54685c060b74a4a2b2a3ee03f3fb56cffa4ef5212808380cd8f8e31afe0be5a",
        "size_in_bytes": 7242
      },
      {
        "_path": "Lib/site-packages/wheel/vendored/packaging/__pycache__/version.cpython-312.pyc",
        "path_type": "hardlink",
        "sha256": "a9f0529e8a094fff9bf1b3c9cb1388385e60b9cee493d19a509bdc46dffd24cd",
        "sha256_in_prefix": "a9f0529e8a094fff9bf1b3c9cb1388385e60b9cee493d19a509bdc46dffd24cd",
        "size_in_bytes": 19955
      },
      {
        "_path": "Lib/site-packages/wheel/vendored/packaging/_elffile.py",
        "path_type": "hardlink",
        "sha256": "85b98af0e0fa67b7d8ea1c229c7114703d5bcbb73390688d62eed28671449369",
        "sha256_in_prefix": "85b98af0e0fa67b7d8ea1c229c7114703d5bcbb73390688d62eed28671449369",
        "size_in_bytes": 3266
      },
      {
        "_path": "Lib/site-packages/wheel/vendored/packaging/_manylinux.py",
        "path_type": "hardlink",
        "sha256": "3fbb1d479ffb5c1634f4b55860f8479b274c2482303d75ac878a2593be14ba3e",
        "sha256_in_prefix": "3fbb1d479ffb5c1634f4b55860f8479b274c2482303d75ac878a2593be14ba3e",
        "size_in_bytes": 9588
      },
      {
        "_path": "Lib/site-packages/wheel/vendored/packaging/_musllinux.py",
        "path_type": "hardlink",
        "sha256": "cf5b3c4e8da1434be99ff77e3b68b9ab11b010af1698694bb7777fdba57b35e6",
        "sha256_in_prefix": "cf5b3c4e8da1434be99ff77e3b68b9ab11b010af1698694bb7777fdba57b35e6",
        "size_in_bytes": 2674
      },
      {
        "_path": "Lib/site-packages/wheel/vendored/packaging/_parser.py",
        "path_type": "hardlink",
        "sha256": "e2d4f87a64a5daa4da53b553404d576bda358cc3c2b017b3b18071c8d31437eb",
        "sha256_in_prefix": "e2d4f87a64a5daa4da53b553404d576bda358cc3c2b017b3b18071c8d31437eb",
        "size_in_bytes": 10347
      },
      {
        "_path": "Lib/site-packages/wheel/vendored/packaging/_structures.py",
        "path_type": "hardlink",
        "sha256": "ab77953666d62461bf4b40e2b7f4b7028f2a42acffe4f6135c500a0597b9cabe",
        "sha256_in_prefix": "ab77953666d62461bf4b40e2b7f4b7028f2a42acffe4f6135c500a0597b9cabe",
        "size_in_bytes": 1431
      },
      {
        "_path": "Lib/site-packages/wheel/vendored/packaging/_tokenizer.py",
        "path_type": "hardlink",
        "sha256": "6a50ad6f05e138502614667a050fb0093485a11009db3fb2b087fbfff31327f9",
        "sha256_in_prefix": "6a50ad6f05e138502614667a050fb0093485a11009db3fb2b087fbfff31327f9",
        "size_in_bytes": 5292
      },
      {
        "_path": "Lib/site-packages/wheel/vendored/packaging/markers.py",
        "path_type": "hardlink",
        "sha256": "fd348f2350612583bb069f40cd398743122a1c45576938e60e1f46fb0f2accf0",
        "sha256_in_prefix": "fd348f2350612583bb069f40cd398743122a1c45576938e60e1f46fb0f2accf0",
        "size_in_bytes": 8232
      },
      {
        "_path": "Lib/site-packages/wheel/vendored/packaging/requirements.py",
        "path_type": "hardlink",
        "sha256": "760a01795a6b3eed9813a43c9c67f038f4e30131db45afd918bc978451259fa4",
        "sha256_in_prefix": "760a01795a6b3eed9813a43c9c67f038f4e30131db45afd918bc978451259fa4",
        "size_in_bytes": 2933
      },
      {
        "_path": "Lib/site-packages/wheel/vendored/packaging/specifiers.py",
        "path_type": "hardlink",
        "sha256": "2164add12acb48fef685e5a1002f142f4786bdab3b5c84078ea8958957e63ca1",
        "sha256_in_prefix": "2164add12acb48fef685e5a1002f142f4786bdab3b5c84078ea8958957e63ca1",
        "size_in_bytes": 39778
      },
      {
        "_path": "Lib/site-packages/wheel/vendored/packaging/tags.py",
        "path_type": "hardlink",
        "sha256": "7de7475e2387901c4d6535e8b57bfcb973e630553d69ef93281ba38181e281c0",
        "sha256_in_prefix": "7de7475e2387901c4d6535e8b57bfcb973e630553d69ef93281ba38181e281c0",
        "size_in_bytes": 18950
      },
      {
        "_path": "Lib/site-packages/wheel/vendored/packaging/utils.py",
        "path_type": "hardlink",
        "sha256": "5e07663f7cb1f7ec101058ceecebcc8fd46311fe49951e4714547af6fed243d1",
        "sha256_in_prefix": "5e07663f7cb1f7ec101058ceecebcc8fd46311fe49951e4714547af6fed243d1",
        "size_in_bytes": 5268
      },
      {
        "_path": "Lib/site-packages/wheel/vendored/packaging/version.py",
        "path_type": "hardlink",
        "sha256": "3c525a6190f1060cb191f6211f7490c38a9f13d202096ad39a2b6fab5e32ddbb",
        "sha256_in_prefix": "3c525a6190f1060cb191f6211f7490c38a9f13d202096ad39a2b6fab5e32ddbb",
        "size_in_bytes": 16234
      },
      {
        "_path": "Lib/site-packages/wheel/vendored/vendor.txt",
        "path_type": "hardlink",
        "sha256": "67610d8c1d62e69adf7b3f0274cd5276bddce99c6fdab451a253292e60677001",
        "sha256_in_prefix": "67610d8c1d62e69adf7b3f0274cd5276bddce99c6fdab451a253292e60677001",
        "size_in_bytes": 16
      },
      {
        "_path": "Lib/site-packages/wheel/wheelfile.py",
        "path_type": "hardlink",
        "sha256": "5120adb4d949c1a7f1b79d5860514a1bb8e7c73f1d7e16f2a8064bea331303db",
        "sha256_in_prefix": "5120adb4d949c1a7f1b79d5860514a1bb8e7c73f1d7e16f2a8064bea331303db",
        "size_in_bytes": 8411
      },
      {
        "_path": "Scripts/wheel-script.py",
        "path_type": "hardlink",
        "sha256": "f81e86d226fd97f3a9fb708b803859f8922740e5b62a4577b0b6b8b1d6b8e333",
        "sha256_in_prefix": "f81e86d226fd97f3a9fb708b803859f8922740e5b62a4577b0b6b8b1d6b8e333",
        "size_in_bytes": 203
      },
      {
        "_path": "Scripts/wheel.exe",
        "path_type": "hardlink",
        "sha256": "f24d102084620e54fe68d07f6e9169118b283f8d33d0c8f4b974c2e05a306059",
        "sha256_in_prefix": "f24d102084620e54fe68d07f6e9169118b283f8d33d0c8f4b974c2e05a306059",
        "size_in_bytes": 54032
      }
    ],
    "paths_version": 1
  },
  "requested_spec": "None",
  "sha256": "9b074dc201deb474b1931f2098723bcdb67078db376fa49fca9107a9ebcddf34",
  "size": 172937,
  "subdir": "win-64",
  "timestamp": 1726165137000,
  "url": "https://repo.anaconda.com/pkgs/main/win-64/wheel-0.44.0-py312haa95532_0.conda",
  "version": "0.44.0"
}