[
  {
    "type": "MAIN",
    "author": "Becca",
    "time": "2023-08-19 14:02:06",
    "responses": "59",
    "comment": "Chef seems super encouraging and enthusiastic about teaching \ud83e\udd70 would love to experience this"
  },
  {
    "type": "MAIN",
    "author": "Adrienne Snowden",
    "time": "2023-08-19 14:02:06",
    "responses": "270",
    "comment": "I need 24k flakes at all time, just because \u2728"
  },
  {
    "type": "MAIN",
    "author": "Deawna Marie Reaves",
    "time": "2023-08-19 14:02:06",
    "responses": "57",
    "comment": "What I wouldn\u2019t do to be a part of this! Amazing."
  },
  {
    "type": "MAIN",
    "author": "edwaanprins",
    "time": "2023-08-20 14:02:06",
    "responses": "10",
    "comment": "He is so everything \ud83e\udd29"
  },
  {
    "type": "MAIN",
    "author": "Rdad",
    "time": "2023-08-19 14:02:06",
    "responses": "31",
    "comment": "Can\u2019t wait to join the program"
  },
  {
    "type": "MAIN",
    "author": "Kevin#Aquino1",
    "time": "2023-08-19 14:02:06",
    "responses": "130",
    "comment": "Very good chef, I want to be apart of the academy chef"
  },
  {
    "type": "MAIN",
    "author": "jeff_gayzos",
    "time": "2023-08-21 12:02:06",
    "responses": "1",
    "comment": "I just wanna date chef"
  },
  {
    "type": "MAIN",
    "author": "Sammmy",
    "time": "2023-08-21 12:02:06",
    "responses": "0",
    "comment": "Manifesting someday I will be in this academy\ud83e\udd70\ud83e\udd70"
  },
  {
    "type": "MAIN",
    "author": "grisgris350",
    "time": "2023-08-21 11:02:06",
    "responses": "0",
    "comment": "I could never achieve any of this! I admire them all."
  },
  {
    "type": "MAIN",
    "author": "rayscar63",
    "time": "2023-08-21 10:02:06",
    "responses": "0",
    "comment": "dudes a master.glad he's sharing his knowledge"
  },
  {
    "type": "MAIN",
    "author": "megaronios",
    "time": "2023-08-21 08:02:06",
    "responses": "0",
    "comment": "Congratulations graduates!"
  },
  {
    "type": "MAIN",
    "author": "Paloma",
    "time": "2023-08-21 08:02:06",
    "responses": "1",
    "comment": "did you go here chef"
  },
  {
    "type": "MAIN",
    "author": "Nine",
    "time": "2023-08-21 08:02:06",
    "responses": "0",
    "comment": "Immaculate pastry"
  },
  {
    "type": "MAIN",
    "author": "hamdiabdenouri",
    "time": "2023-08-21 04:02:06",
    "responses": "0",
    "comment": "tooooooop\ud83d\ude0d\ud83d\ude0d\ud83d\ude0d"
  },
  {
    "type": "MAIN",
    "author": "Meriem Akrouf",
    "time": "2023-08-21 03:02:06",
    "responses": "0",
    "comment": "How to join the school ??"
  },
  {
    "type": "MAIN",
    "author": "Newal-mahir",
    "time": "2023-08-21 03:02:06",
    "responses": "0",
    "comment": "give us free techies"
  },
  {
    "type": "MAIN",
    "author": "D-Rackz",
    "time": "2023-08-21 03:02:06",
    "responses": "1",
    "comment": "Id be there jus to watch chef\u2019s fineee self \ud83d\ude02"
  },
  {
    "type": "MAIN",
    "author": "karynP",
    "time": "2023-08-21 03:02:06",
    "responses": "0",
    "comment": "Chocolate chocolates chocolate \ud83d\ude0d"
  },
  {
    "type": "MAIN",
    "author": "AlwaysTired",
    "time": "2023-08-21 03:02:06",
    "responses": "0",
    "comment": "Very cool!"
  },
  {
    "type": "MAIN",
    "author": "\ud83e\ude75",
    "time": "2023-08-21 02:02:06",
    "responses": "0",
    "comment": "wow"
  },
  {
    "type": "MAIN",
    "author": "Fashion ValeyFashion",
    "time": "2023-08-21 01:02:06",
    "responses": "0",
    "comment": "We\u2019re is this academy I wanna learn to"
  },
  {
    "type": "MAIN",
    "author": "LiTxMAMBA",
    "time": "2023-08-20 23:02:06",
    "responses": "0",
    "comment": "Wow that\u2019s interesting \u2764\ufe0f"
  },
  {
    "type": "MAIN",
    "author": "MeeMee",
    "time": "2023-08-20 22:02:06",
    "responses": "0",
    "comment": "Congratulations all \ud83d\udc4f\ud83d\udc4f\ud83d\udc4f"
  },
  {
    "type": "MAIN",
    "author": "marybeecroft431",
    "time": "2023-08-20 18:02:06",
    "responses": "1",
    "comment": "Congratulations"
  },
  {
    "type": "MAIN",
    "author": "michu",
    "time": "2023-08-20 15:02:06",
    "responses": "0",
    "comment": "omggg congrats graduates"
  },
  {
    "type": "MAIN",
    "author": "Rajini",
    "time": "2023-08-20 14:02:06",
    "responses": "0",
    "comment": "Congratulations dear all\ud83d\ude4f\ud83d\ude4f\ud83d\ude4f"
  },
  {
    "type": "MAIN",
    "author": "thechet1989",
    "time": "2023-08-20 14:02:06",
    "responses": "0",
    "comment": "omg!!! I know where that building is \ud83d\ude0a\ud83d\ude0a\ud83d\ude0a"
  },
  {
    "type": "MAIN",
    "author": "L51Brewer",
    "time": "2023-08-20 14:02:06",
    "responses": "0",
    "comment": "Amazing"
  },
  {
    "type": "MAIN",
    "author": "Shawna",
    "time": "2023-08-20 14:02:06",
    "responses": "0",
    "comment": "Congratulations Everyone!!! \ud83c\udf39\ud83c\udf39"
  },
  {
    "type": "MAIN",
    "author": "Maame Akosua Serwaa \ud83d\udc9e",
    "time": "2023-08-20 14:02:06",
    "responses": "1",
    "comment": "Joining the Pastry Academy will be a dream come through \ud83d\ude14\ud83d\ude4f\u2764\ufe0f"
  },
  {
    "type": "MAIN",
    "author": "carmencampuzano111",
    "time": "2023-08-20 14:02:06",
    "responses": "1",
    "comment": "\ud83e\udd70Beutifull"
  },
  {
    "type": "MAIN",
    "author": "Kash",
    "time": "2023-08-20 14:02:06",
    "responses": "4",
    "comment": "They all look so happy and supportive..\ud83e\udd7a"
  },
  {
    "type": "MAIN",
    "author": "chellchell876",
    "time": "2023-08-20 14:02:06",
    "responses": "1",
    "comment": "He is amazing"
  },
  {
    "type": "MAIN",
    "author": "zoegray185",
    "time": "2023-08-20 14:02:06",
    "responses": "1",
    "comment": "WOW !!!! Amazing \ud83d\ude0d\ud83d\ude32\ud83e\udd29 ...."
  },
  {
    "type": "MAIN",
    "author": "Mr Montague",
    "time": "2023-08-20 14:02:06",
    "responses": "1",
    "comment": "how neat is his hair \ud83d\ude02 amazing"
  },
  {
    "type": "MAIN",
    "author": "Memo x",
    "time": "2023-08-20 14:02:06",
    "responses": "1",
    "comment": "Why does he not reply"
  },
  {
    "type": "MAIN",
    "author": "judi alemayehu",
    "time": "2023-08-20 14:02:06",
    "responses": "3",
    "comment": "you are so amazing chef i wish one day i would be one of ur student cuz i don't have any word to express how am in love with ur works but\ud83d\ude2d\ud83d\ude2d\ud83d\ude2d!!!"
  },
  {
    "type": "MAIN",
    "author": "Yami-chan",
    "time": "2023-08-20 14:02:06",
    "responses": "2",
    "comment": "The clock \ud83d\udc4c"
  },
  {
    "type": "MAIN",
    "author": "wrongpage28",
    "time": "2023-08-20 14:02:06",
    "responses": "1",
    "comment": "\ud83d\udc4f\ud83d\udc4f\ud83d\udc4fbeautiful"
  },
  {
    "type": "MAIN",
    "author": "Molly",
    "time": "2023-08-20 14:02:06",
    "responses": "1",
    "comment": "Fantabulous!"
  },
  {
    "type": "MAIN",
    "author": "Adesida Demilade",
    "time": "2023-08-20 14:02:06",
    "responses": "1",
    "comment": "congratulations to them\u2764\ufe0f"
  },
  {
    "type": "MAIN",
    "author": "Tyanne Marie",
    "time": "2023-08-20 14:02:06",
    "responses": "1",
    "comment": "See i can\u2019t find what I want to do in life and I could see myself baking but I don\u2019t have the money to pay for classes of any kind \ud83d\ude2d\ud83d\ude2d\ud83d\ude2d\ud83d\ude29"
  },
  {
    "type": "MAIN",
    "author": "Ye4hNah",
    "time": "2023-08-19 14:02:06",
    "responses": "1",
    "comment": "congrats chefs!!"
  },
  {
    "type": "MAIN",
    "author": "Sifa Mireille",
    "time": "2023-08-19 14:02:06",
    "responses": "1",
    "comment": "His will be a dream come true"
  },
  {
    "type": "MAIN",
    "author": "Amylynn",
    "time": "2023-08-19 14:02:06",
    "responses": "1",
    "comment": "\u2764\ufe0fI need y\u2019all to become GI Bill approved!"
  },
  {
    "type": "MAIN",
    "author": "Jaclyn Vanessa Pawle",
    "time": "2023-08-19 14:02:06",
    "responses": "1",
    "comment": "I would love to be apart of this ! That Chef is absolutely incredible!\u2661\u2661 such magnificent talent!\ncongrats to the graduates!"
  },
  {
    "type": "MAIN",
    "author": "JoHorbach",
    "time": "2023-08-19 14:02:06",
    "responses": "1",
    "comment": "How much does this cost??"
  },
  {
    "type": "MAIN",
    "author": "Rania",
    "time": "2023-08-19 14:02:06",
    "responses": "2",
    "comment": "CONGRATS TO ALLLL"
  },
  {
    "type": "MAIN",
    "author": "TheTeeteringUnknown\ud83e\udd85\ud83e\udd85",
    "time": "2023-08-19 14:02:06",
    "responses": "2",
    "comment": "So amazing!"
  },
  {
    "type": "MAIN",
    "author": "footloosehh",
    "time": "2023-08-19 14:02:06",
    "responses": "4",
    "comment": "so the program is only 50 days???"
  },
  {
    "type": "MAIN",
    "author": "Arianna",
    "time": "2023-08-19 14:02:06",
    "responses": "2",
    "comment": "amazigness of this amazing talent is amazing"
  },
  {
    "type": "MAIN",
    "author": "SouthernLady016",
    "time": "2023-08-19 14:02:06",
    "responses": "1",
    "comment": "I\u2019ve so loved seeing everything created so amazing..Congratulations to All the Graduates \ud83c\udf93\ud83d\udc4f"
  },
  {
    "type": "MAIN",
    "author": "lana_mac13",
    "time": "2023-08-19 14:02:06",
    "responses": "1",
    "comment": "\ud83e\udd73Congratulations \ud83d\udc69\ud83c\udffb\u200d\ud83c\udf73chefs \ud83e\udd42\ud83e\udd6e\ud83c\udf6e\ud83e\udd67\u2728"
  },
  {
    "type": "MAIN",
    "author": "SaraParrish",
    "time": "2023-08-19 14:02:06",
    "responses": "1",
    "comment": "congratulations to all"
  },
  {
    "type": "MAIN",
    "author": "bugeye",
    "time": "2023-08-19 14:02:06",
    "responses": "2",
    "comment": "I would love to go to your school"
  },
  {
    "type": "MAIN",
    "author": "Christine Dunne Firm",
    "time": "2023-08-19 14:02:06",
    "responses": "2",
    "comment": "congratulations \ud83c\udf89 \ud83e\udd73 \ud83c\udf8a"
  },
  {
    "type": "MAIN",
    "author": "Laura Lake",
    "time": "2023-08-19 14:02:06",
    "responses": "1",
    "comment": "Wow everything is so beautiful \u2764\ufe0f"
  },
  {
    "type": "MAIN",
    "author": "orchiida",
    "time": "2023-08-19 14:02:06",
    "responses": "1",
    "comment": "every one of those students are so blessed to be chasing their dreamsA"
  },
  {
    "type": "MAIN",
    "author": "Sharyn",
    "time": "2023-08-19 14:02:06",
    "responses": "1",
    "comment": "oh, I want to go so badly!"
  },
  {
    "type": "MAIN",
    "author": "Lea Wilson",
    "time": "2023-08-19 14:02:06",
    "responses": "1",
    "comment": "going to miss these daily videos \ud83d\ude1e - I might have to rewatch them all over again \ud83e\udd70"
  },
  {
    "type": "MAIN",
    "author": "Nikky",
    "time": "2023-08-19 14:02:06",
    "responses": "1",
    "comment": "Congrats guys!!!"
  },
  {
    "type": "MAIN",
    "author": "sobe Qamar",
    "time": "2023-08-19 14:02:06",
    "responses": "1",
    "comment": "Love to attend this academy"
  },
  {
    "type": "MAIN",
    "author": "Deborah Gurung",
    "time": "2023-08-19 14:02:06",
    "responses": "1",
    "comment": "whaooo\ud83d\udc4c\u2764\u2764"
  },
  {
    "type": "MAIN",
    "author": "JulieAG",
    "time": "2023-08-19 14:02:06",
    "responses": "4",
    "comment": "I love these videos. Keep them coming, please!"
  },
  {
    "type": "MAIN",
    "author": "KYcart",
    "time": "2023-08-19 14:02:06",
    "responses": "1",
    "comment": "that is sooo creative, love all your works"
  },
  {
    "type": "MAIN",
    "author": "\ud83d\udc1d\ud83d\udda4KingBee\ud83d\udc9b\ud83d\udc1d",
    "time": "2023-08-19 14:02:06",
    "responses": "2",
    "comment": "I truly wish I could do this but is in Vegas \ud83d\ude43"
  },
  {
    "type": "MAIN",
    "author": "\ud83e\udd78Sky\ud83e\udd29",
    "time": "2023-08-19 14:02:06",
    "responses": "2",
    "comment": "Good job y\u2019all"
  },
  {
    "type": "MAIN",
    "author": "Kongmeng_D_Yang\u6768\u540d\u58f0\ud83c\udf49",
    "time": "2023-08-19 14:02:06",
    "responses": "1",
    "comment": "Congratulations to all students! \ud83e\udd70"
  },
  {
    "type": "MAIN",
    "author": "MAHIR5128113",
    "time": "2023-08-19 14:02:06",
    "responses": "2",
    "comment": "Congratulation's"
  },
  {
    "type": "MAIN",
    "author": "Au Four by Mikey",
    "time": "2023-08-19 14:02:06",
    "responses": "1",
    "comment": "How to inquire for international students?"
  },
  {
    "type": "MAIN",
    "author": "Seth Abanto",
    "time": "2023-08-19 14:02:06",
    "responses": "3",
    "comment": "Beautiful creation \u2764\ufe0fand congratulations to all of you \u2764\ufe0f"
  },
  {
    "type": "MAIN",
    "author": "psbrkb",
    "time": "2023-08-19 14:02:06",
    "responses": "1",
    "comment": "Amazing \ud83d\ude33\ud83d\ude0a"
  },
  {
    "type": "MAIN",
    "author": "Aesthetic_Watermelon617",
    "time": "2023-08-19 14:02:06",
    "responses": "4",
    "comment": "Early! Congratulations to them on graduating"
  },
  {
    "type": "MAIN",
    "author": "\u180c",
    "time": "2023-08-19 14:02:06",
    "responses": "1",
    "comment": "First"
  },
  {
    "type": "MAIN",
    "author": "P\u00fcppchen",
    "time": "2023-08-19 14:02:06",
    "responses": "10",
    "comment": "gratuliere allen die es geschafft habt ihr habt es klasse gemacht. RESPEKT"
  },
  {
    "type": "MAIN",
    "author": "i-land24",
    "time": "2023-08-21 13:02:06",
    "responses": "0",
    "comment": "ang saraaaap nmn"
  },
  {
    "type": "MAIN",
    "author": "golsglo",
    "time": "2023-08-21 10:02:06",
    "responses": "0",
    "comment": "No se que dijo pero tiene toda la raz\u00f3n \ud83d\ude0d"
  },
  {
    "type": "MAIN",
    "author": "Sergio Araujo",
    "time": "2023-08-21 04:02:06",
    "responses": "0",
    "comment": "aprender del mejor y obtener su aprobaci\u00f3n."
  },
  {
    "type": "MAIN",
    "author": "@DJMENNY",
    "time": "2023-08-20 14:02:06",
    "responses": "0",
    "comment": "informaci\u00f3n please"
  },
  {
    "type": "MAIN",
    "author": "riku \ud83d\udc89",
    "time": "2023-08-19 14:02:06",
    "responses": "1",
    "comment": "yo"
  },
  {
    "type": "MAIN",
    "author": "Maryse071",
    "time": "2023-08-20 21:02:06",
    "responses": "0",
    "comment": "how do I get training at your place?"
  },
  {
    "type": "MAIN",
    "author": "TheWITch\ud83d\udc9b\ud83e\udd0d\ud83d\udc9c\ud83d\udda4",
    "time": "2023-08-20 14:02:06",
    "responses": "0",
    "comment": "One day\ud83d\udc96"
  },
  {
    "type": "MAIN",
    "author": "Realisticlevel",
    "time": "2023-08-20 14:02:06",
    "responses": "1",
    "comment": "Damm...., and I burn water"
  },
  {
    "type": "MAIN",
    "author": "Cristina",
    "time": "2023-08-19 14:02:06",
    "responses": "1",
    "comment": "Can I signup to eat everything please \ud83d\ude01"
  },
  {
    "type": "MAIN",
    "author": "daintyflair",
    "time": "2023-08-19 14:02:06",
    "responses": "1",
    "comment": "Manifesting learning here one day! \ud83e\udd7a"
  },
  {
    "type": "MAIN",
    "author": "lilyofthevalley.77",
    "time": "2023-08-21 04:02:06",
    "responses": "0",
    "comment": "\ud83e\udd70\ud83e\udd70\ud83e\udd70\u2728\ud83c\udf39\ud83d\udc4f\ud83c\udf8a\ud83d\udc90"
  },
  {
    "type": "MAIN",
    "author": "user9485574982989Wen",
    "time": "2023-08-21 02:02:06",
    "responses": "0",
    "comment": "\ud83d\ude01"
  },
  {
    "type": "MAIN",
    "author": "\u6c5f\u5c0f\u4eae753",
    "time": "2023-08-20 19:02:06",
    "responses": "0",
    "comment": "\ud83d\udc4d"
  },
  {
    "type": "MAIN",
    "author": "Josie Estrada",
    "time": "2023-08-20 14:02:06",
    "responses": "0",
    "comment": "\ud83d\udc4f\ud83d\udc4f\ud83d\udc4f\ud83d\udc4f"
  },
  {
    "type": "MAIN",
    "author": "\ud83e\udd8bvinvinvin",
    "time": "2023-08-20 14:02:06",
    "responses": "0",
    "comment": "\ud83e\udd70\ud83e\udd70\ud83e\udd70\ud83e\udd70\ud83e\udd70\ud83e\udd70\ud83e\udd70"
  },
  {
    "type": "MAIN",
    "author": "Bryenne Ferrier",
    "time": "2023-08-20 14:02:06",
    "responses": "1",
    "comment": ""
  },
  {
    "type": "MAIN",
    "author": "Marina Howard",
    "time": "2023-08-20 14:02:06",
    "responses": "1",
    "comment": "\u2764\ufe0f\u2764\ufe0f\u2764\ufe0f\u2764\ufe0f"
  },
  {
    "type": "MAIN",
    "author": "Peach Bellini",
    "time": "2023-08-20 14:02:06",
    "responses": "1",
    "comment": "\ud83e\udd70"
  },
  {
    "type": "MAIN",
    "author": "chenascakery",
    "time": "2023-08-19 14:02:06",
    "responses": "1",
    "comment": "\ud83d\udcaf\ud83d\udcaf\ud83d\udcaf\ud83d\udcaf\ud83d\udcaf"
  },
  {
    "type": "MAIN",
    "author": "Melsmirrorspace",
    "time": "2023-08-19 14:02:06",
    "responses": "1",
    "comment": "\ud83d\udc4f\ud83c\udffe\ud83d\udc4f\ud83c\udffe\ud83d\udc4f\ud83c\udffe"
  },
  {
    "type": "MAIN",
    "author": "Melsmirrorspace",
    "time": "2023-08-19 14:02:06",
    "responses": "1",
    "comment": "\ud83d\ude0d"
  },
  {
    "type": "MAIN",
    "author": "Essie Marie",
    "time": "2023-08-19 14:02:06",
    "responses": "1",
    "comment": "\ud83e\udd70"
  },
  {
    "type": "MAIN",
    "author": "Lechuguita",
    "time": "2023-08-19 14:02:06",
    "responses": "1",
    "comment": "\ud83d\udc4f\ud83d\udc4f\ud83d\udc4f"
  },
  {
    "type": "MAIN",
    "author": "Cristian Stefan",
    "time": "2023-08-21 09:02:06",
    "responses": "0",
    "comment": ""
  },
  {
    "type": "MAIN",
    "author": "Cezar AmA",
    "time": "2023-08-20 23:02:06",
    "responses": "0",
    "comment": ""
  },
  {
    "type": "MAIN",
    "author": "Kevin Andr\u00e9s",
    "time": "2023-08-19 14:02:06",
    "responses": "1",
    "comment": "\ud83e\udd70\ud83e\udd70\ud83e\udd70\ud83e\udd70"
  },
  {
    "type": "MAIN",
    "author": "Kamile",
    "time": "2023-08-21 02:02:06",
    "responses": "0",
    "comment": "IG: kamile7133"
  },
  {
    "type": "MAIN",
    "author": "Tasha__;)",
    "time": "2023-08-19 14:02:06",
    "responses": "1",
    "comment": "let\u2019s apply"
  },
  {
    "type": "MAIN",
    "author": "thuongvt5492",
    "time": "2023-08-21 07:02:06",
    "responses": "0",
    "comment": ">>>>"
  },
  {
    "type": "MAIN",
    "author": "E L L I E \ud83d\udc95\ud83d\udc95\ud83d\udc95",
    "time": "2023-08-20 14:02:06",
    "responses": "0",
    "comment": "Omg it\u2019s that guy"
  },
  {
    "type": "MAIN",
    "author": "Mimi420\ud83e\udd2a\ud83e\udd70",
    "time": "2023-08-19 14:02:06",
    "responses": "1",
    "comment": "\ud83d\ude0d\ud83e\udd24\ud83e\udd24\ud83d\ude2a\ud83d\ude0b\ud83d\ude0b One of my items on my bucket list is to come eat your pastries."
  },
  {
    "type": "MAIN",
    "author": "Kai192020",
    "time": "2023-08-19 14:02:06",
    "responses": "1",
    "comment": "It\u2019s not fair that he\u2019s hot, sounds sexy and insanely talented"
  },
  {
    "type": "MAIN",
    "author": "yunxuan\ud83c\udf43\ud83c\udf38",
    "time": "2023-08-20 14:02:06",
    "responses": "1",
    "comment": "\u2570( \u00b4\u2022\u03c9\u2022)\u3064\u2500\u2500\u2606 \u00b0.*\u2022\u3002\u2665"
  },
  {
    "type": "MAIN",
    "author": "Linnie",
    "time": "2023-08-19 14:02:06",
    "responses": "15",
    "comment": "That chef is so fit"
  },
  {
    "type": "MAIN",
    "author": "roadfillhill89",
    "time": "2023-08-21 02:02:06",
    "responses": "0",
    "comment": "I wonder who would afford that in today's time"
  },
  {
    "type": "MAIN",
    "author": "Sochyvonn Nora",
    "time": "2023-08-20 23:02:06",
    "responses": "0",
    "comment": "why not all of them get the chance to try?"
  },
  {
    "type": "MAIN",
    "author": "Peej",
    "time": "2023-08-20 22:02:06",
    "responses": "0",
    "comment": "Chef\u2019s shirt is so tight. \ud83d\ude0f"
  },
  {
    "type": "MAIN",
    "author": "Xanonymous963",
    "time": "2023-08-20 20:02:06",
    "responses": "0",
    "comment": "The wise move is to be a graduating student of his cooking academy & finishing it BEFORE JOINING ANY LIVE cooking TV competition!!!"
  },
  {
    "type": "MAIN",
    "author": "Mr. Cool",
    "time": "2023-08-20 18:02:06",
    "responses": "0",
    "comment": "You can literally TALK!!! NO!!!!!!! My whole life thought that you just"
  },
  {
    "type": "MAIN",
    "author": "Heema",
    "time": "2023-08-20 14:02:06",
    "responses": "0",
    "comment": "unpublished?? I think everyone that watched master chief knows"
  },
  {
    "type": "MAIN",
    "author": "Chef Jason Peru",
    "time": "2023-08-20 14:02:06",
    "responses": "0",
    "comment": "Chef is brave with his pure white shirt doing choclate \ud83d\ude01"
  },
  {
    "type": "MAIN",
    "author": "\u2694\ufe0fYETIVR\ud83d\udee1\ufe0f",
    "time": "2023-08-20 14:02:06",
    "responses": "1",
    "comment": "POV this is to the right of young Sheldon clips"
  },
  {
    "type": "MAIN",
    "author": "Dan Man",
    "time": "2023-08-20 14:02:06",
    "responses": "1",
    "comment": "just watched school of chocolate in Netflix! so weird that tiktok recommended this"
  },
  {
    "type": "MAIN",
    "author": "J \ud83e\udd0d",
    "time": "2023-08-20 14:02:06",
    "responses": "1",
    "comment": "Real life ratatouille"
  },
  {
    "type": "MAIN",
    "author": "KiraGrimoire",
    "time": "2023-08-19 14:02:06",
    "responses": "1",
    "comment": "Just wanna eat, looks so yummy \ud83e\udd70"
  },
  {
    "type": "MAIN",
    "author": "Tygar",
    "time": "2023-08-19 14:02:06",
    "responses": "1",
    "comment": "Truly awesome. But I\u2019d be a diabetic by the end of the schooling"
  },
  {
    "type": "MAIN",
    "author": "tianamagiros",
    "time": "2023-08-19 14:02:06",
    "responses": "1",
    "comment": "I would love to be apart of this, but I\u2019m only 15 and don\u2019t live in the right country\ud83d\ude22 maybe one day it\u2019s my dream"
  },
  {
    "type": "MAIN",
    "author": "Victor Molder",
    "time": "2023-08-19 14:02:06",
    "responses": "1",
    "comment": "for anyone wondering it costs 30k euros"
  },
  {
    "type": "MAIN",
    "author": "_dara_simi_",
    "time": "2023-08-19 14:02:06",
    "responses": "1",
    "comment": "I would do anything to be a part of it\ud83e\udd7a but distance. Also, it gives me anxiety that you guys pour so much chocolate for glazing\ud83d\ude02I feel less is more"
  },
  {
    "type": "MAIN",
    "author": "appleuser5844338",
    "time": "2023-08-19 14:02:06",
    "responses": "1",
    "comment": "They don\u2019t all get a chance to practice the technique?"
  },
  {
    "type": "MAIN",
    "author": "Robert Hillis",
    "time": "2023-08-19 14:02:06",
    "responses": "1",
    "comment": "Gold in cooking is ridiculous and not necessary. Not even in high end food service should it be allowed"
  },
  {
    "type": "MAIN",
    "author": "CSC OLSHOP",
    "time": "2023-08-19 14:02:06",
    "responses": "1",
    "comment": "onde onde indonesia"
  }
]